state,district,camels_aridity_index,camels_p_mean_mm_day,camels_q_mean_mm_day,camels_runoff_ratio,camels_soil_moisture_mean_kg_m2,camels_soil_moisture_lvl1_top,camels_soil_moisture_lvl4_deep,camels_soil_conductivity_top,camels_soil_awc_top,camels_high_precip_freq_days,camels_low_precip_freq_days,camels_elevation_mean_m,camels_slope_mean_deg,camels_forest_cover_pct,camels_dam_count,camels_dam_storage_capacity_mcm
ANDAMAN & NICOBAR,NICOBAR,1.05,2.938,1.621,0.423,241.65,18.56,481.68,15.52,0.25,18.4,231.8,799.4,10.34,36.42,13,2358.62
ANDAMAN & NICOBAR,NORTH & MIDDLE ANDAMAN,1.05,2.938,1.621,0.423,241.65,18.56,481.68,15.52,0.25,18.4,231.8,799.4,10.34,36.42,13,2358.62
ANDAMAN & NICOBAR,SOUTH ANDAMAN,1.05,2.938,1.621,0.423,241.65,18.56,481.68,15.52,0.25,18.4,231.8,799.4,10.34,36.42,13,2358.62
ANDHRA PRADESH,ANAKAPALLI,1.05,2.914,1.584,0.422,235.12,12.82,530.51,14.11,0.23,19.9,249.1,588.7,5.86,15.09,93,49652.37
ANDHRA PRADESH,ANANTAPURAMU,1.05,2.914,1.584,0.422,235.12,12.82,530.51,14.11,0.23,19.9,249.1,588.7,5.86,15.09,93,49652.37
ANDHRA PRADESH,ANNAMAYYA DISTRICT,1.05,2.914,1.584,0.422,235.12,12.82,530.51,14.11,0.23,19.9,249.1,588.7,5.86,15.09,93,49652.37
ANDHRA PRADESH,BAPATLA,1.05,2.914,1.584,0.422,235.12,12.82,530.51,14.11,0.23,19.9,249.1,588.7,5.86,15.09,93,49652.37
ANDHRA PRADESH,CHITTOOR,1.05,2.914,1.584,0.422,235.12,12.82,530.51,14.11,0.23,19.9,249.1,588.7,5.86,15.09,93,49652.37
ANDHRA PRADESH,DR B R AMBEDKAR KONASEEMA,1.05,2.914,1.584,0.422,235.12,12.82,530.51,14.11,0.23,19.9,249.1,588.7,5.86,15.09,93,49652.37
ANDHRA PRADESH,EAST GODAVARI,1.05,2.914,1.584,0.422,235.12,12.82,530.51,14.11,0.23,19.9,249.1,588.7,5.86,15.09,93,49652.37
ANDHRA PRADESH,ELURU,1.05,2.914,1.584,0.422,235.12,12.82,530.51,14.11,0.23,19.9,249.1,588.7,5.86,15.09,93,49652.37
ANDHRA PRADESH,GUNTUR,1.05,2.914,1.584,0.422,235.12,12.82,530.51,14.11,0.23,19.9,249.1,588.7,5.86,15.09,93,49652.37
ANDHRA PRADESH,KAKINADA,1.05,2.914,1.584,0.422,235.12,12.82,530.51,14.11,0.23,19.9,249.1,588.7,5.86,15.09,93,49652.37
ANDHRA PRADESH,KRISHNA,1.05,2.914,1.584,0.422,235.12,12.82,530.51,14.11,0.23,19.9,249.1,588.7,5.86,15.09,93,49652.37
ANDHRA PRADESH,KURNOOL,1.05,2.914,1.584,0.422,235.12,12.82,530.51,14.11,0.23,19.9,249.1,588.7,5.86,15.09,93,49652.37
ANDHRA PRADESH,NANDYAL,1.05,2.914,1.584,0.422,235.12,12.82,530.51,14.11,0.23,19.9,249.1,588.7,5.86,15.09,93,49652.37
ANDHRA PRADESH,NTR DISTRICT,1.05,2.914,1.584,0.422,235.12,12.82,530.51,14.11,0.23,19.9,249.1,588.7,5.86,15.09,93,49652.37
ANDHRA PRADESH,PALNADU,1.05,2.914,1.584,0.422,235.12,12.82,530.51,14.11,0.23,19.9,249.1,588.7,5.86,15.09,93,49652.37
ANDHRA PRADESH,PARVATHIPURAM MANYAM,1.05,2.914,1.584,0.422,235.12,12.82,530.51,14.11,0.23,19.9,249.1,588.7,5.86,15.09,93,49652.37
ANDHRA PRADESH,PRAKASAM,1.05,2.914,1.584,0.422,235.12,12.82,530.51,14.11,0.23,19.9,249.1,588.7,5.86,15.09,93,49652.37
ANDHRA PRADESH,SPSR NELLORE,1.05,2.914,1.584,0.422,235.12,12.82,530.51,14.11,0.23,19.9,249.1,588.7,5.86,15.09,93,49652.37
ANDHRA PRADESH,SRI ALLURI SITHARAMARAJU DISTRICT,1.05,2.914,1.584,0.422,235.12,12.82,530.51,14.11,0.23,19.9,249.1,588.7,5.86,15.09,93,49652.37
ANDHRA PRADESH,SRI SATHYASAI DISTRICT,1.05,2.914,1.584,0.422,235.12,12.82,530.51,14.11,0.23,19.9,249.1,588.7,5.86,15.09,93,49652.37
ANDHRA PRADESH,SRIKAKULAM,1.05,2.914,1.584,0.422,235.12,12.82,530.51,14.11,0.23,19.9,249.1,588.7,5.86,15.09,93,49652.37
ANDHRA PRADESH,TIRUPATI,1.05,2.914,1.584,0.422,235.12,12.82,530.51,14.11,0.23,19.9,249.1,588.7,5.86,15.09,93,49652.37
ANDHRA PRADESH,VISHAKHAPATNAM,1.05,2.914,1.584,0.422,235.12,12.82,530.51,14.11,0.23,19.9,249.1,588.7,5.86,15.09,93,49652.37
ANDHRA PRADESH,VIZIANAGARAM,1.05,2.914,1.584,0.422,235.12,12.82,530.51,14.11,0.23,19.9,249.1,588.7,5.86,15.09,93,49652.37
ANDHRA PRADESH,WEST GODAVARI,1.05,2.914,1.584,0.422,235.12,12.82,530.51,14.11,0.23,19.9,249.1,588.7,5.86,15.09,93,49652.37
ANDHRA PRADESH,YSR DISTRICT,1.05,2.914,1.584,0.422,235.12,12.82,530.51,14.11,0.23,19.9,249.1,588.7,5.86,15.09,93,49652.37
ARUNACHAL PRADESH,ANJAW,1.05,3.797,1.472,0.386,257.59,15.88,537.03,9.77,0.24,17.7,223.5,467.5,8.33,43.41,6,3080.16
ARUNACHAL PRADESH,CHANGLANG,1.05,3.797,1.472,0.386,257.59,15.88,537.03,9.77,0.24,17.7,223.5,467.5,8.33,43.41,6,3080.16
ARUNACHAL PRADESH,DIBANG VALLEY,1.05,3.797,1.472,0.386,257.59,15.88,537.03,9.77,0.24,17.7,223.5,467.5,8.33,43.41,6,3080.16
ARUNACHAL PRADESH,EAST KAMENG,1.05,3.797,1.472,0.386,257.59,15.88,537.03,9.77,0.24,17.7,223.5,467.5,8.33,43.41,6,3080.16
ARUNACHAL PRADESH,EAST SIANG,1.05,3.797,1.472,0.386,257.59,15.88,537.03,9.77,0.24,17.7,223.5,467.5,8.33,43.41,6,3080.16
ARUNACHAL PRADESH,KURUNG KUMEY,1.05,3.797,1.472,0.386,257.59,15.88,537.03,9.77,0.24,17.7,223.5,467.5,8.33,43.41,6,3080.16
ARUNACHAL PRADESH,LOHIT,1.05,3.797,1.472,0.386,257.59,15.88,537.03,9.77,0.24,17.7,223.5,467.5,8.33,43.41,6,3080.16
ARUNACHAL PRADESH,LOWER DIBANG VALLEY,1.05,3.797,1.472,0.386,257.59,15.88,537.03,9.77,0.24,17.7,223.5,467.5,8.33,43.41,6,3080.16
ARUNACHAL PRADESH,LOWER SUBANSIRI,1.05,3.797,1.472,0.386,257.59,15.88,537.03,9.77,0.24,17.7,223.5,467.5,8.33,43.41,6,3080.16
ARUNACHAL PRADESH,PAPUM-PARE,1.05,3.797,1.472,0.386,257.59,15.88,537.03,9.77,0.24,17.7,223.5,467.5,8.33,43.41,6,3080.16
ARUNACHAL PRADESH,TAWANG,1.05,3.797,1.472,0.386,257.59,15.88,537.03,9.77,0.24,17.7,223.5,467.5,8.33,43.41,6,3080.16
ARUNACHAL PRADESH,TIRAP,1.05,3.797,1.472,0.386,257.59,15.88,537.03,9.77,0.24,17.7,223.5,467.5,8.33,43.41,6,3080.16
ARUNACHAL PRADESH,UPPER SIANG,1.05,3.797,1.472,0.386,257.59,15.88,537.03,9.77,0.24,17.7,223.5,467.5,8.33,43.41,6,3080.16
ARUNACHAL PRADESH,UPPER SUBANSIRI,1.05,3.797,1.472,0.386,257.59,15.88,537.03,9.77,0.24,17.7,223.5,467.5,8.33,43.41,6,3080.16
ARUNACHAL PRADESH,WEST KAMENG,1.05,3.797,1.472,0.386,257.59,15.88,537.03,9.77,0.24,17.7,223.5,467.5,8.33,43.41,6,3080.16
ARUNACHAL PRADESH,WEST SIANG,1.05,3.797,1.472,0.386,257.59,15.88,537.03,9.77,0.24,17.7,223.5,467.5,8.33,43.41,6,3080.16
ASSAM,BAJALI,1.05,3.966,2.025,0.503,265.6,16.63,544.53,11.67,0.25,18.8,232.3,296.7,7.67,41.02,6,4082.26
ASSAM,BAKSA,1.05,3.966,2.025,0.503,265.6,16.63,544.53,11.67,0.25,18.8,232.3,296.7,7.67,41.02,6,4082.26
ASSAM,BARPETA,1.05,3.966,2.025,0.503,265.6,16.63,544.53,11.67,0.25,18.8,232.3,296.7,7.67,41.02,6,4082.26
ASSAM,BISWANATH,1.05,3.966,2.025,0.503,265.6,16.63,544.53,11.67,0.25,18.8,232.3,296.7,7.67,41.02,6,4082.26
ASSAM,BONGAIGAON,1.05,3.966,2.025,0.503,265.6,16.63,544.53,11.67,0.25,18.8,232.3,296.7,7.67,41.02,6,4082.26
ASSAM,CACHAR,1.05,3.966,2.025,0.503,265.6,16.63,544.53,11.67,0.25,18.8,232.3,296.7,7.67,41.02,6,4082.26
ASSAM,CHARAIDEO,1.05,3.966,2.025,0.503,265.6,16.63,544.53,11.67,0.25,18.8,232.3,296.7,7.67,41.02,6,4082.26
ASSAM,CHIRANG,1.05,3.966,2.025,0.503,265.6,16.63,544.53,11.67,0.25,18.8,232.3,296.7,7.67,41.02,6,4082.26
ASSAM,DARRANG,1.05,3.966,2.025,0.503,265.6,16.63,544.53,11.67,0.25,18.8,232.3,296.7,7.67,41.02,6,4082.26
ASSAM,DHEMAJI,1.05,3.966,2.025,0.503,265.6,16.63,544.53,11.67,0.25,18.8,232.3,296.7,7.67,41.02,6,4082.26
ASSAM,DHUBRI,1.05,3.966,2.025,0.503,265.6,16.63,544.53,11.67,0.25,18.8,232.3,296.7,7.67,41.02,6,4082.26
ASSAM,DIBRUGARH,1.05,3.966,2.025,0.503,265.6,16.63,544.53,11.67,0.25,18.8,232.3,296.7,7.67,41.02,6,4082.26
ASSAM,GOALPARA,1.05,3.966,2.025,0.503,265.6,16.63,544.53,11.67,0.25,18.8,232.3,296.7,7.67,41.02,6,4082.26
ASSAM,GOLAGHAT,1.05,3.966,2.025,0.503,265.6,16.63,544.53,11.67,0.25,18.8,232.3,296.7,7.67,41.02,6,4082.26
ASSAM,HAILAKANDI,1.05,3.966,2.025,0.503,265.6,16.63,544.53,11.67,0.25,18.8,232.3,296.7,7.67,41.02,6,4082.26
ASSAM,HOJAI,1.05,3.966,2.025,0.503,265.6,16.63,544.53,11.67,0.25,18.8,232.3,296.7,7.67,41.02,6,4082.26
ASSAM,JORHAT,1.05,3.966,2.025,0.503,265.6,16.63,544.53,11.67,0.25,18.8,232.3,296.7,7.67,41.02,6,4082.26
ASSAM,KAMRUP METRO,1.05,3.966,2.025,0.503,265.6,16.63,544.53,11.67,0.25,18.8,232.3,296.7,7.67,41.02,6,4082.26
ASSAM,KAMRUP RURAL,1.05,3.966,2.025,0.503,265.6,16.63,544.53,11.67,0.25,18.8,232.3,296.7,7.67,41.02,6,4082.26
ASSAM,KARBI ANALOG,1.05,3.966,2.025,0.503,265.6,16.63,544.53,11.67,0.25,18.8,232.3,296.7,7.67,41.02,6,4082.26
ASSAM,KOKRAJHAR,1.05,3.966,2.025,0.503,265.6,16.63,544.53,11.67,0.25,18.8,232.3,296.7,7.67,41.02,6,4082.26
ASSAM,LAKHIMPUR,1.05,3.966,2.025,0.503,265.6,16.63,544.53,11.67,0.25,18.8,232.3,296.7,7.67,41.02,6,4082.26
ASSAM,MAJULI,1.05,3.966,2.025,0.503,265.6,16.63,544.53,11.67,0.25,18.8,232.3,296.7,7.67,41.02,6,4082.26
ASSAM,MORIGAON,1.05,3.966,2.025,0.503,265.6,16.63,544.53,11.67,0.25,18.8,232.3,296.7,7.67,41.02,6,4082.26
ASSAM,N.C HILLS,1.05,3.966,2.025,0.503,265.6,16.63,544.53,11.67,0.25,18.8,232.3,296.7,7.67,41.02,6,4082.26
ASSAM,NAGAON,1.05,3.966,2.025,0.503,265.6,16.63,544.53,11.67,0.25,18.8,232.3,296.7,7.67,41.02,6,4082.26
ASSAM,NALBARI,1.05,3.966,2.025,0.503,265.6,16.63,544.53,11.67,0.25,18.8,232.3,296.7,7.67,41.02,6,4082.26
ASSAM,SIBSAGAR,1.05,3.966,2.025,0.503,265.6,16.63,544.53,11.67,0.25,18.8,232.3,296.7,7.67,41.02,6,4082.26
ASSAM,SONITPUR,1.05,3.966,2.025,0.503,265.6,16.63,544.53,11.67,0.25,18.8,232.3,296.7,7.67,41.02,6,4082.26
ASSAM,TAMULPUR,1.05,3.966,2.025,0.503,265.6,16.63,544.53,11.67,0.25,18.8,232.3,296.7,7.67,41.02,6,4082.26
ASSAM,TINSUKIA,1.05,3.966,2.025,0.503,265.6,16.63,544.53,11.67,0.25,18.8,232.3,296.7,7.67,41.02,6,4082.26
ASSAM,UDALGURI,1.05,3.966,2.025,0.503,265.6,16.63,544.53,11.67,0.25,18.8,232.3,296.7,7.67,41.02,6,4082.26
ASSAM,WEST KARBI ANGLONG,1.05,3.966,2.025,0.503,265.6,16.63,544.53,11.67,0.25,18.8,232.3,296.7,7.67,41.02,6,4082.26
BIHAR,ARARIYA,1.05,3.49,1.125,0.323,250.56,14.18,512.93,9.73,0.22,20.9,253.9,412.2,6.19,34.81,34,1896.53
BIHAR,ARWAL,1.05,3.49,1.125,0.323,250.56,14.18,512.93,9.73,0.22,20.9,253.9,412.2,6.19,34.81,34,1896.53
BIHAR,AURANGABAD,1.05,3.49,1.125,0.323,250.56,14.18,512.93,9.73,0.22,20.9,253.9,412.2,6.19,34.81,34,1896.53
BIHAR,BANKA,1.05,3.49,1.125,0.323,250.56,14.18,512.93,9.73,0.22,20.9,253.9,412.2,6.19,34.81,34,1896.53
BIHAR,BEGUSARAI,1.05,3.49,1.125,0.323,250.56,14.18,512.93,9.73,0.22,20.9,253.9,412.2,6.19,34.81,34,1896.53
BIHAR,BHABUA,1.05,3.49,1.125,0.323,250.56,14.18,512.93,9.73,0.22,20.9,253.9,412.2,6.19,34.81,34,1896.53
BIHAR,BHAGALPUR,1.05,3.49,1.125,0.323,250.56,14.18,512.93,9.73,0.22,20.9,253.9,412.2,6.19,34.81,34,1896.53
BIHAR,BHOJPUR,1.05,3.49,1.125,0.323,250.56,14.18,512.93,9.73,0.22,20.9,253.9,412.2,6.19,34.81,34,1896.53
BIHAR,BUXAR,1.05,3.49,1.125,0.323,250.56,14.18,512.93,9.73,0.22,20.9,253.9,412.2,6.19,34.81,34,1896.53
BIHAR,DRABHANGA,1.05,3.49,1.125,0.323,250.56,14.18,512.93,9.73,0.22,20.9,253.9,412.2,6.19,34.81,34,1896.53
BIHAR,GAYA,1.05,3.49,1.125,0.323,250.56,14.18,512.93,9.73,0.22,20.9,253.9,412.2,6.19,34.81,34,1896.53
BIHAR,GOPALGANJ,1.05,3.49,1.125,0.323,250.56,14.18,512.93,9.73,0.22,20.9,253.9,412.2,6.19,34.81,34,1896.53
BIHAR,JAHANABAD,1.05,3.49,1.125,0.323,250.56,14.18,512.93,9.73,0.22,20.9,253.9,412.2,6.19,34.81,34,1896.53
BIHAR,JAMUI,1.05,3.49,1.125,0.323,250.56,14.18,512.93,9.73,0.22,20.9,253.9,412.2,6.19,34.81,34,1896.53
BIHAR,KATIHAR,1.05,3.49,1.125,0.323,250.56,14.18,512.93,9.73,0.22,20.9,253.9,412.2,6.19,34.81,34,1896.53
BIHAR,KHAGARIA,1.05,3.49,1.125,0.323,250.56,14.18,512.93,9.73,0.22,20.9,253.9,412.2,6.19,34.81,34,1896.53
BIHAR,KISHANGANJ,1.05,3.49,1.125,0.323,250.56,14.18,512.93,9.73,0.22,20.9,253.9,412.2,6.19,34.81,34,1896.53
BIHAR,LAKHISARAI,1.05,3.49,1.125,0.323,250.56,14.18,512.93,9.73,0.22,20.9,253.9,412.2,6.19,34.81,34,1896.53
BIHAR,MADHEPURA,1.05,3.49,1.125,0.323,250.56,14.18,512.93,9.73,0.22,20.9,253.9,412.2,6.19,34.81,34,1896.53
BIHAR,MADUBANI,1.05,3.49,1.125,0.323,250.56,14.18,512.93,9.73,0.22,20.9,253.9,412.2,6.19,34.81,34,1896.53
BIHAR,MUNGER,1.05,3.49,1.125,0.323,250.56,14.18,512.93,9.73,0.22,20.9,253.9,412.2,6.19,34.81,34,1896.53
BIHAR,MUZAFFARPUR,1.05,3.49,1.125,0.323,250.56,14.18,512.93,9.73,0.22,20.9,253.9,412.2,6.19,34.81,34,1896.53
BIHAR,NALANDA,1.05,3.49,1.125,0.323,250.56,14.18,512.93,9.73,0.22,20.9,253.9,412.2,6.19,34.81,34,1896.53
BIHAR,NAWADA,1.05,3.49,1.125,0.323,250.56,14.18,512.93,9.73,0.22,20.9,253.9,412.2,6.19,34.81,34,1896.53
BIHAR,PACHIM CHAMPARAN,1.05,3.49,1.125,0.323,250.56,14.18,512.93,9.73,0.22,20.9,253.9,412.2,6.19,34.81,34,1896.53
BIHAR,PATNA,1.05,3.49,1.125,0.323,250.56,14.18,512.93,9.73,0.22,20.9,253.9,412.2,6.19,34.81,34,1896.53
BIHAR,PURBA CHAMPARAN,1.05,3.49,1.125,0.323,250.56,14.18,512.93,9.73,0.22,20.9,253.9,412.2,6.19,34.81,34,1896.53
BIHAR,PURNIA,1.05,3.49,1.125,0.323,250.56,14.18,512.93,9.73,0.22,20.9,253.9,412.2,6.19,34.81,34,1896.53
BIHAR,ROHTAS,1.05,3.49,1.125,0.323,250.56,14.18,512.93,9.73,0.22,20.9,253.9,412.2,6.19,34.81,34,1896.53
BIHAR,SAHARSA,1.05,3.49,1.125,0.323,250.56,14.18,512.93,9.73,0.22,20.9,253.9,412.2,6.19,34.81,34,1896.53
BIHAR,SAMASTIPUR,1.05,3.49,1.125,0.323,250.56,14.18,512.93,9.73,0.22,20.9,253.9,412.2,6.19,34.81,34,1896.53
BIHAR,SARAN,1.05,3.49,1.125,0.323,250.56,14.18,512.93,9.73,0.22,20.9,253.9,412.2,6.19,34.81,34,1896.53
BIHAR,SHEIKHPURA,1.05,3.49,1.125,0.323,250.56,14.18,512.93,9.73,0.22,20.9,253.9,412.2,6.19,34.81,34,1896.53
BIHAR,SHEOHAR,1.05,3.49,1.125,0.323,250.56,14.18,512.93,9.73,0.22,20.9,253.9,412.2,6.19,34.81,34,1896.53
BIHAR,SITAMARHI,1.05,3.49,1.125,0.323,250.56,14.18,512.93,9.73,0.22,20.9,253.9,412.2,6.19,34.81,34,1896.53
BIHAR,SIWAN,1.05,3.49,1.125,0.323,250.56,14.18,512.93,9.73,0.22,20.9,253.9,412.2,6.19,34.81,34,1896.53
BIHAR,SUPAUL,1.05,3.49,1.125,0.323,250.56,14.18,512.93,9.73,0.22,20.9,253.9,412.2,6.19,34.81,34,1896.53
BIHAR,VAISHALI,1.05,3.49,1.125,0.323,250.56,14.18,512.93,9.73,0.22,20.9,253.9,412.2,6.19,34.81,34,1896.53
CHANDIGARH,CHANDIGARH,1.05,2.073,0.371,0.18,218.73,7.88,476.01,18.82,0.21,21.8,306.5,407.0,10.17,7.86,7,1705.91
CHHATISGARH,BALOD,1.05,3.49,1.125,0.323,250.56,14.18,512.93,9.73,0.22,20.9,253.9,412.2,6.19,34.81,34,1896.53
CHHATISGARH,BALODA BAZAR,1.05,3.49,1.125,0.323,250.56,14.18,512.93,9.73,0.22,20.9,253.9,412.2,6.19,34.81,34,1896.53
CHHATISGARH,BALRAMPUR,1.05,3.49,1.125,0.323,250.56,14.18,512.93,9.73,0.22,20.9,253.9,412.2,6.19,34.81,34,1896.53
CHHATISGARH,BASTAR,1.05,3.49,1.125,0.323,250.56,14.18,512.93,9.73,0.22,20.9,253.9,412.2,6.19,34.81,34,1896.53
CHHATISGARH,BEMETARA,1.05,3.49,1.125,0.323,250.56,14.18,512.93,9.73,0.22,20.9,253.9,412.2,6.19,34.81,34,1896.53
CHHATISGARH,BIJAPUR,1.05,3.49,1.125,0.323,250.56,14.18,512.93,9.73,0.22,20.9,253.9,412.2,6.19,34.81,34,1896.53
CHHATISGARH,BILASPUR,1.05,3.49,1.125,0.323,250.56,14.18,512.93,9.73,0.22,20.9,253.9,412.2,6.19,34.81,34,1896.53
CHHATISGARH,DANTEWARA,1.05,3.49,1.125,0.323,250.56,14.18,512.93,9.73,0.22,20.9,253.9,412.2,6.19,34.81,34,1896.53
CHHATISGARH,DHAMTARI,1.05,3.49,1.125,0.323,250.56,14.18,512.93,9.73,0.22,20.9,253.9,412.2,6.19,34.81,34,1896.53
CHHATISGARH,DURG,1.05,3.49,1.125,0.323,250.56,14.18,512.93,9.73,0.22,20.9,253.9,412.2,6.19,34.81,34,1896.53
CHHATISGARH,GARIABAND,1.05,3.49,1.125,0.323,250.56,14.18,512.93,9.73,0.22,20.9,253.9,412.2,6.19,34.81,34,1896.53
CHHATISGARH,JANJGIR_CHAMPA,1.05,3.49,1.125,0.323,250.56,14.18,512.93,9.73,0.22,20.9,253.9,412.2,6.19,34.81,34,1896.53
CHHATISGARH,JASHPUR,1.05,3.49,1.125,0.323,250.56,14.18,512.93,9.73,0.22,20.9,253.9,412.2,6.19,34.81,34,1896.53
CHHATISGARH,KABIRDHAM,1.05,3.49,1.125,0.323,250.56,14.18,512.93,9.73,0.22,20.9,253.9,412.2,6.19,34.81,34,1896.53
CHHATISGARH,KANKER,1.05,3.49,1.125,0.323,250.56,14.18,512.93,9.73,0.22,20.9,253.9,412.2,6.19,34.81,34,1896.53
CHHATISGARH,KHAIRAGARH-CHHUIKHADAN-GANDAI,1.05,3.49,1.125,0.323,250.56,14.18,512.93,9.73,0.22,20.9,253.9,412.2,6.19,34.81,34,1896.53
CHHATISGARH,KONDAGAON,1.05,3.49,1.125,0.323,250.56,14.18,512.93,9.73,0.22,20.9,253.9,412.2,6.19,34.81,34,1896.53
CHHATISGARH,KORBA,1.05,3.49,1.125,0.323,250.56,14.18,512.93,9.73,0.22,20.9,253.9,412.2,6.19,34.81,34,1896.53
CHHATISGARH,KOREA,1.05,3.49,1.125,0.323,250.56,14.18,512.93,9.73,0.22,20.9,253.9,412.2,6.19,34.81,34,1896.53
CHHATISGARH,MAHASAMUND,1.05,3.49,1.125,0.323,250.56,14.18,512.93,9.73,0.22,20.9,253.9,412.2,6.19,34.81,34,1896.53
CHHATISGARH,MANENDRAGARH-CHIRMIRI-BHARATPUR,1.05,3.49,1.125,0.323,250.56,14.18,512.93,9.73,0.22,20.9,253.9,412.2,6.19,34.81,34,1896.53
CHHATISGARH,MOHALA-MANPUR-CHOWKI,1.05,3.49,1.125,0.323,250.56,14.18,512.93,9.73,0.22,20.9,253.9,412.2,6.19,34.81,34,1896.53
CHHATISGARH,MUNGELI,1.05,3.49,1.125,0.323,250.56,14.18,512.93,9.73,0.22,20.9,253.9,412.2,6.19,34.81,34,1896.53
CHHATISGARH,NARAYANPUR,1.05,3.49,1.125,0.323,250.56,14.18,512.93,9.73,0.22,20.9,253.9,412.2,6.19,34.81,34,1896.53
CHHATISGARH,RAIGARH,1.05,3.49,1.125,0.323,250.56,14.18,512.93,9.73,0.22,20.9,253.9,412.2,6.19,34.81,34,1896.53
CHHATISGARH,RAIPUR,1.05,3.49,1.125,0.323,250.56,14.18,512.93,9.73,0.22,20.9,253.9,412.2,6.19,34.81,34,1896.53
CHHATISGARH,RAJNANDGAON,1.05,3.49,1.125,0.323,250.56,14.18,512.93,9.73,0.22,20.9,253.9,412.2,6.19,34.81,34,1896.53
CHHATISGARH,SARANGARH-BILAIGARH,1.05,3.49,1.125,0.323,250.56,14.18,512.93,9.73,0.22,20.9,253.9,412.2,6.19,34.81,34,1896.53
CHHATISGARH,SUKMA,1.05,3.49,1.125,0.323,250.56,14.18,512.93,9.73,0.22,20.9,253.9,412.2,6.19,34.81,34,1896.53
CHHATISGARH,SURAJPUR,1.05,3.49,1.125,0.323,250.56,14.18,512.93,9.73,0.22,20.9,253.9,412.2,6.19,34.81,34,1896.53
CHHATISGARH,SURGUJA,1.05,3.49,1.125,0.323,250.56,14.18,512.93,9.73,0.22,20.9,253.9,412.2,6.19,34.81,34,1896.53
CHHATTISGARH,SAKTI,1.05,3.072,1.045,0.298,249.72,12.85,539.0,9.45,0.21,21.1,260.1,514.5,5.39,16.16,97,5578.2
DADRA & NAGAR HAVELI,DADAR & NAGAR HAVELI,1.05,7.451,3.855,0.678,295.12,15.13,609.73,9.51,0.24,21.7,250.6,293.9,15.93,30.06,6,10955.14
DAMAN & DIU,DAMAN,1.05,7.451,3.855,0.678,295.12,15.13,609.73,9.51,0.24,21.7,250.6,293.9,15.93,30.06,6,10955.14
DAMAN & DIU,DIU,1.05,7.451,3.855,0.678,295.12,15.13,609.73,9.51,0.24,21.7,250.6,293.9,15.93,30.06,6,10955.14
GOA,NORTH GOA,1.05,6.626,5.919,0.834,299.39,26.72,516.93,10.08,0.27,17.6,203.9,384.8,17.76,76.02,3,3185.36
GOA,SOUTH GOA,1.05,6.626,5.919,0.834,299.39,26.72,516.93,10.08,0.27,17.6,203.9,384.8,17.76,76.02,3,3185.36
GUJARAT,AHMADABAD,1.05,2.206,0.655,0.257,232.44,9.95,529.45,8.28,0.2,21.7,279.6,439.5,5.42,2.45,95,306287.44
GUJARAT,AMRELI,1.05,2.206,0.655,0.257,232.44,9.95,529.45,8.28,0.2,21.7,279.6,439.5,5.42,2.45,95,306287.44
GUJARAT,ANAND,1.05,2.206,0.655,0.257,232.44,9.95,529.45,8.28,0.2,21.7,279.6,439.5,5.42,2.45,95,306287.44
GUJARAT,ARAVALLI,1.05,2.206,0.655,0.257,232.44,9.95,529.45,8.28,0.2,21.7,279.6,439.5,5.42,2.45,95,306287.44
GUJARAT,BANASKANTHA,1.05,2.206,0.655,0.257,232.44,9.95,529.45,8.28,0.2,21.7,279.6,439.5,5.42,2.45,95,306287.44
GUJARAT,BHARUCH,1.05,2.206,0.655,0.257,232.44,9.95,529.45,8.28,0.2,21.7,279.6,439.5,5.42,2.45,95,306287.44
GUJARAT,BHAVNAGAR,1.05,2.206,0.655,0.257,232.44,9.95,529.45,8.28,0.2,21.7,279.6,439.5,5.42,2.45,95,306287.44
GUJARAT,BOTAD,1.05,2.206,0.655,0.257,232.44,9.95,529.45,8.28,0.2,21.7,279.6,439.5,5.42,2.45,95,306287.44
GUJARAT,CHHOTA UDEPUR,1.05,2.206,0.655,0.257,232.44,9.95,529.45,8.28,0.2,21.7,279.6,439.5,5.42,2.45,95,306287.44
GUJARAT,DAHOD,1.05,2.206,0.655,0.257,232.44,9.95,529.45,8.28,0.2,21.7,279.6,439.5,5.42,2.45,95,306287.44
GUJARAT,DANGS,1.05,2.206,0.655,0.257,232.44,9.95,529.45,8.28,0.2,21.7,279.6,439.5,5.42,2.45,95,306287.44
GUJARAT,DEVBHOOMI DWARKA,1.05,2.206,0.655,0.257,232.44,9.95,529.45,8.28,0.2,21.7,279.6,439.5,5.42,2.45,95,306287.44
GUJARAT,GANDHINAGAR,1.05,2.206,0.655,0.257,232.44,9.95,529.45,8.28,0.2,21.7,279.6,439.5,5.42,2.45,95,306287.44
GUJARAT,GIR SOMNATH,1.05,2.206,0.655,0.257,232.44,9.95,529.45,8.28,0.2,21.7,279.6,439.5,5.42,2.45,95,306287.44
GUJARAT,JAMNAGAR,1.05,2.206,0.655,0.257,232.44,9.95,529.45,8.28,0.2,21.7,279.6,439.5,5.42,2.45,95,306287.44
GUJARAT,JUNAGARH,1.05,2.206,0.655,0.257,232.44,9.95,529.45,8.28,0.2,21.7,279.6,439.5,5.42,2.45,95,306287.44
GUJARAT,KACHCHH,1.05,2.206,0.655,0.257,232.44,9.95,529.45,8.28,0.2,21.7,279.6,439.5,5.42,2.45,95,306287.44
GUJARAT,KHERA,1.05,2.206,0.655,0.257,232.44,9.95,529.45,8.28,0.2,21.7,279.6,439.5,5.42,2.45,95,306287.44
GUJARAT,MAHESANA,1.05,2.206,0.655,0.257,232.44,9.95,529.45,8.28,0.2,21.7,279.6,439.5,5.42,2.45,95,306287.44
GUJARAT,MAHISAGAR,1.05,2.206,0.655,0.257,232.44,9.95,529.45,8.28,0.2,21.7,279.6,439.5,5.42,2.45,95,306287.44
GUJARAT,MORBI,1.05,2.206,0.655,0.257,232.44,9.95,529.45,8.28,0.2,21.7,279.6,439.5,5.42,2.45,95,306287.44
GUJARAT,NARMADA,1.05,2.206,0.655,0.257,232.44,9.95,529.45,8.28,0.2,21.7,279.6,439.5,5.42,2.45,95,306287.44
GUJARAT,NAVSARI,1.05,2.206,0.655,0.257,232.44,9.95,529.45,8.28,0.2,21.7,279.6,439.5,5.42,2.45,95,306287.44
GUJARAT,PANCHMAHAL,1.05,2.206,0.655,0.257,232.44,9.95,529.45,8.28,0.2,21.7,279.6,439.5,5.42,2.45,95,306287.44
GUJARAT,PATAN,1.05,2.206,0.655,0.257,232.44,9.95,529.45,8.28,0.2,21.7,279.6,439.5,5.42,2.45,95,306287.44
GUJARAT,PORBANDAR,1.05,2.206,0.655,0.257,232.44,9.95,529.45,8.28,0.2,21.7,279.6,439.5,5.42,2.45,95,306287.44
GUJARAT,RAJKOT,1.05,2.206,0.655,0.257,232.44,9.95,529.45,8.28,0.2,21.7,279.6,439.5,5.42,2.45,95,306287.44
GUJARAT,SABAR KANTHA,1.05,2.206,0.655,0.257,232.44,9.95,529.45,8.28,0.2,21.7,279.6,439.5,5.42,2.45,95,306287.44
GUJARAT,SURAT,1.05,2.206,0.655,0.257,232.44,9.95,529.45,8.28,0.2,21.7,279.6,439.5,5.42,2.45,95,306287.44
GUJARAT,SURENDRANAGAR,1.05,2.206,0.655,0.257,232.44,9.95,529.45,8.28,0.2,21.7,279.6,439.5,5.42,2.45,95,306287.44
GUJARAT,TAPI,1.05,2.206,0.655,0.257,232.44,9.95,529.45,8.28,0.2,21.7,279.6,439.5,5.42,2.45,95,306287.44
GUJARAT,VADODARA,1.05,2.206,0.655,0.257,232.44,9.95,529.45,8.28,0.2,21.7,279.6,439.5,5.42,2.45,95,306287.44
GUJARAT,VALSAD,1.05,2.206,0.655,0.257,232.44,9.95,529.45,8.28,0.2,21.7,279.6,439.5,5.42,2.45,95,306287.44
HARYANA,AMBALA,1.05,2.073,0.371,0.18,218.73,7.88,476.01,18.82,0.21,21.8,306.5,407.0,10.17,7.86,7,1705.91
HARYANA,BHIWANI,1.05,2.073,0.371,0.18,218.73,7.88,476.01,18.82,0.21,21.8,306.5,407.0,10.17,7.86,7,1705.91
HARYANA,CHARKHI DADRI,1.05,2.073,0.371,0.18,218.73,7.88,476.01,18.82,0.21,21.8,306.5,407.0,10.17,7.86,7,1705.91
HARYANA,FARIDABAD,1.05,2.073,0.371,0.18,218.73,7.88,476.01,18.82,0.21,21.8,306.5,407.0,10.17,7.86,7,1705.91
HARYANA,FATEHABAD,1.05,2.073,0.371,0.18,218.73,7.88,476.01,18.82,0.21,21.8,306.5,407.0,10.17,7.86,7,1705.91
HARYANA,GURGAON,1.05,2.073,0.371,0.18,218.73,7.88,476.01,18.82,0.21,21.8,306.5,407.0,10.17,7.86,7,1705.91
HARYANA,HISAR,1.05,2.073,0.371,0.18,218.73,7.88,476.01,18.82,0.21,21.8,306.5,407.0,10.17,7.86,7,1705.91
HARYANA,JHAJJAR,1.05,2.073,0.371,0.18,218.73,7.88,476.01,18.82,0.21,21.8,306.5,407.0,10.17,7.86,7,1705.91
HARYANA,JIND,1.05,2.073,0.371,0.18,218.73,7.88,476.01,18.82,0.21,21.8,306.5,407.0,10.17,7.86,7,1705.91
HARYANA,KAITHAL,1.05,2.073,0.371,0.18,218.73,7.88,476.01,18.82,0.21,21.8,306.5,407.0,10.17,7.86,7,1705.91
HARYANA,KARNAL,1.05,2.073,0.371,0.18,218.73,7.88,476.01,18.82,0.21,21.8,306.5,407.0,10.17,7.86,7,1705.91
HARYANA,KURUKSHETRA,1.05,2.073,0.371,0.18,218.73,7.88,476.01,18.82,0.21,21.8,306.5,407.0,10.17,7.86,7,1705.91
HARYANA,MAHENDRAGARH,1.05,2.073,0.371,0.18,218.73,7.88,476.01,18.82,0.21,21.8,306.5,407.0,10.17,7.86,7,1705.91
HARYANA,NUH,1.05,2.073,0.371,0.18,218.73,7.88,476.01,18.82,0.21,21.8,306.5,407.0,10.17,7.86,7,1705.91
HARYANA,PALWAL,1.05,2.073,0.371,0.18,218.73,7.88,476.01,18.82,0.21,21.8,306.5,407.0,10.17,7.86,7,1705.91
HARYANA,PANCHKULA,1.05,2.073,0.371,0.18,218.73,7.88,476.01,18.82,0.21,21.8,306.5,407.0,10.17,7.86,7,1705.91
HARYANA,PANIPAT,1.05,2.073,0.371,0.18,218.73,7.88,476.01,18.82,0.21,21.8,306.5,407.0,10.17,7.86,7,1705.91
HARYANA,REWARI,1.05,2.073,0.371,0.18,218.73,7.88,476.01,18.82,0.21,21.8,306.5,407.0,10.17,7.86,7,1705.91
HARYANA,ROHTAK,1.05,2.073,0.371,0.18,218.73,7.88,476.01,18.82,0.21,21.8,306.5,407.0,10.17,7.86,7,1705.91
HARYANA,SIRSA,1.05,2.073,0.371,0.18,218.73,7.88,476.01,18.82,0.21,21.8,306.5,407.0,10.17,7.86,7,1705.91
HARYANA,SONIPAT,1.05,2.073,0.371,0.18,218.73,7.88,476.01,18.82,0.21,21.8,306.5,407.0,10.17,7.86,7,1705.91
HARYANA,YAMUNANAGAR,1.05,2.073,0.371,0.18,218.73,7.88,476.01,18.82,0.21,21.8,306.5,407.0,10.17,7.86,7,1705.91
HIMACHAL PRADESH,BILAASPUR,1.05,3.039,1.206,0.4,264.9,12.71,543.64,7.35,0.2,21.9,274.8,529.3,6.6,20.72,9,5644.67
HIMACHAL PRADESH,CHAMBA,1.05,3.039,1.206,0.4,264.9,12.71,543.64,7.35,0.2,21.9,274.8,529.3,6.6,20.72,9,5644.67
HIMACHAL PRADESH,HAMIRPURR,1.05,3.039,1.206,0.4,264.9,12.71,543.64,7.35,0.2,21.9,274.8,529.3,6.6,20.72,9,5644.67
HIMACHAL PRADESH,KANGRA,1.05,3.039,1.206,0.4,264.9,12.71,543.64,7.35,0.2,21.9,274.8,529.3,6.6,20.72,9,5644.67
HIMACHAL PRADESH,KINNAUR,1.05,3.039,1.206,0.4,264.9,12.71,543.64,7.35,0.2,21.9,274.8,529.3,6.6,20.72,9,5644.67
HIMACHAL PRADESH,KULLU,1.05,3.039,1.206,0.4,264.9,12.71,543.64,7.35,0.2,21.9,274.8,529.3,6.6,20.72,9,5644.67
HIMACHAL PRADESH,LAHUL&SPITI,1.05,3.039,1.206,0.4,264.9,12.71,543.64,7.35,0.2,21.9,274.8,529.3,6.6,20.72,9,5644.67
HIMACHAL PRADESH,MANDI,1.05,3.039,1.206,0.4,264.9,12.71,543.64,7.35,0.2,21.9,274.8,529.3,6.6,20.72,9,5644.67
HIMACHAL PRADESH,SHIMLA,1.05,3.039,1.206,0.4,264.9,12.71,543.64,7.35,0.2,21.9,274.8,529.3,6.6,20.72,9,5644.67
HIMACHAL PRADESH,SIRMAUR,1.05,3.039,1.206,0.4,264.9,12.71,543.64,7.35,0.2,21.9,274.8,529.3,6.6,20.72,9,5644.67
HIMACHAL PRADESH,SOLAN,1.05,3.039,1.206,0.4,264.9,12.71,543.64,7.35,0.2,21.9,274.8,529.3,6.6,20.72,9,5644.67
HIMACHAL PRADESH,UNA,1.05,3.039,1.206,0.4,264.9,12.71,543.64,7.35,0.2,21.9,274.8,529.3,6.6,20.72,9,5644.67
JAMMU AND KASHMIR,ANANTNAG,1.05,3.072,1.045,0.298,249.72,12.85,539.0,9.45,0.21,21.1,260.1,514.5,5.39,16.16,97,5578.2
JAMMU AND KASHMIR,BADGAM,1.05,3.072,1.045,0.298,249.72,12.85,539.0,9.45,0.21,21.1,260.1,514.5,5.39,16.16,97,5578.2
JAMMU AND KASHMIR,BANDIPORE,1.05,3.072,1.045,0.298,249.72,12.85,539.0,9.45,0.21,21.1,260.1,514.5,5.39,16.16,97,5578.2
JAMMU AND KASHMIR,BARAMULA,1.05,3.072,1.045,0.298,249.72,12.85,539.0,9.45,0.21,21.1,260.1,514.5,5.39,16.16,97,5578.2
JAMMU AND KASHMIR,DODA,1.05,3.072,1.045,0.298,249.72,12.85,539.0,9.45,0.21,21.1,260.1,514.5,5.39,16.16,97,5578.2
JAMMU AND KASHMIR,GANDERWAL,1.05,3.072,1.045,0.298,249.72,12.85,539.0,9.45,0.21,21.1,260.1,514.5,5.39,16.16,97,5578.2
JAMMU AND KASHMIR,JAMMU,1.05,3.072,1.045,0.298,249.72,12.85,539.0,9.45,0.21,21.1,260.1,514.5,5.39,16.16,97,5578.2
JAMMU AND KASHMIR,KATHUA,1.05,3.072,1.045,0.298,249.72,12.85,539.0,9.45,0.21,21.1,260.1,514.5,5.39,16.16,97,5578.2
JAMMU AND KASHMIR,KISTWAR,1.05,3.072,1.045,0.298,249.72,12.85,539.0,9.45,0.21,21.1,260.1,514.5,5.39,16.16,97,5578.2
JAMMU AND KASHMIR,KULGAM,1.05,3.072,1.045,0.298,249.72,12.85,539.0,9.45,0.21,21.1,260.1,514.5,5.39,16.16,97,5578.2
JAMMU AND KASHMIR,KUPWARA,1.05,3.072,1.045,0.298,249.72,12.85,539.0,9.45,0.21,21.1,260.1,514.5,5.39,16.16,97,5578.2
JAMMU AND KASHMIR,PULWAMA,1.05,3.072,1.045,0.298,249.72,12.85,539.0,9.45,0.21,21.1,260.1,514.5,5.39,16.16,97,5578.2
JAMMU AND KASHMIR,PUNCH,1.05,3.072,1.045,0.298,249.72,12.85,539.0,9.45,0.21,21.1,260.1,514.5,5.39,16.16,97,5578.2
JAMMU AND KASHMIR,RAJOURI,1.05,3.072,1.045,0.298,249.72,12.85,539.0,9.45,0.21,21.1,260.1,514.5,5.39,16.16,97,5578.2
JAMMU AND KASHMIR,RAMBAN,1.05,3.072,1.045,0.298,249.72,12.85,539.0,9.45,0.21,21.1,260.1,514.5,5.39,16.16,97,5578.2
JAMMU AND KASHMIR,RIASI,1.05,3.072,1.045,0.298,249.72,12.85,539.0,9.45,0.21,21.1,260.1,514.5,5.39,16.16,97,5578.2
JAMMU AND KASHMIR,SAMBA,1.05,3.072,1.045,0.298,249.72,12.85,539.0,9.45,0.21,21.1,260.1,514.5,5.39,16.16,97,5578.2
JAMMU AND KASHMIR,SHOPIAN,1.05,3.072,1.045,0.298,249.72,12.85,539.0,9.45,0.21,21.1,260.1,514.5,5.39,16.16,97,5578.2
JAMMU AND KASHMIR,SRINAGAR,1.05,3.072,1.045,0.298,249.72,12.85,539.0,9.45,0.21,21.1,260.1,514.5,5.39,16.16,97,5578.2
JAMMU AND KASHMIR,UDHAMPUR,1.05,3.072,1.045,0.298,249.72,12.85,539.0,9.45,0.21,21.1,260.1,514.5,5.39,16.16,97,5578.2
JHARKHAND,BOKARO,1.05,3.966,2.025,0.503,265.6,16.63,544.53,11.67,0.25,18.8,232.3,296.7,7.67,41.02,6,4082.26
JHARKHAND,CHATRA,1.05,3.966,2.025,0.503,265.6,16.63,544.53,11.67,0.25,18.8,232.3,296.7,7.67,41.02,6,4082.26
JHARKHAND,DEOGHAR,1.05,3.966,2.025,0.503,265.6,16.63,544.53,11.67,0.25,18.8,232.3,296.7,7.67,41.02,6,4082.26
JHARKHAND,DHANBAD,1.05,3.966,2.025,0.503,265.6,16.63,544.53,11.67,0.25,18.8,232.3,296.7,7.67,41.02,6,4082.26
JHARKHAND,DUMKA,1.05,3.966,2.025,0.503,265.6,16.63,544.53,11.67,0.25,18.8,232.3,296.7,7.67,41.02,6,4082.26
JHARKHAND,EAST SINGHBHUM,1.05,3.966,2.025,0.503,265.6,16.63,544.53,11.67,0.25,18.8,232.3,296.7,7.67,41.02,6,4082.26
JHARKHAND,GARHWA,1.05,3.966,2.025,0.503,265.6,16.63,544.53,11.67,0.25,18.8,232.3,296.7,7.67,41.02,6,4082.26
JHARKHAND,GIRIDIH,1.05,3.966,2.025,0.503,265.6,16.63,544.53,11.67,0.25,18.8,232.3,296.7,7.67,41.02,6,4082.26
JHARKHAND,GODDA,1.05,3.966,2.025,0.503,265.6,16.63,544.53,11.67,0.25,18.8,232.3,296.7,7.67,41.02,6,4082.26
JHARKHAND,GUMLA,1.05,3.966,2.025,0.503,265.6,16.63,544.53,11.67,0.25,18.8,232.3,296.7,7.67,41.02,6,4082.26
JHARKHAND,HAZARIBAGH,1.05,3.966,2.025,0.503,265.6,16.63,544.53,11.67,0.25,18.8,232.3,296.7,7.67,41.02,6,4082.26
JHARKHAND,JAMTARA,1.05,3.966,2.025,0.503,265.6,16.63,544.53,11.67,0.25,18.8,232.3,296.7,7.67,41.02,6,4082.26
JHARKHAND,KHUNTI,1.05,3.966,2.025,0.503,265.6,16.63,544.53,11.67,0.25,18.8,232.3,296.7,7.67,41.02,6,4082.26
JHARKHAND,KODERMA,1.05,3.966,2.025,0.503,265.6,16.63,544.53,11.67,0.25,18.8,232.3,296.7,7.67,41.02,6,4082.26
JHARKHAND,LATEHAR,1.05,3.966,2.025,0.503,265.6,16.63,544.53,11.67,0.25,18.8,232.3,296.7,7.67,41.02,6,4082.26
JHARKHAND,LOHARDAGA,1.05,3.966,2.025,0.503,265.6,16.63,544.53,11.67,0.25,18.8,232.3,296.7,7.67,41.02,6,4082.26
JHARKHAND,PAKUR,1.05,3.966,2.025,0.503,265.6,16.63,544.53,11.67,0.25,18.8,232.3,296.7,7.67,41.02,6,4082.26
JHARKHAND,PALAMU,1.05,3.966,2.025,0.503,265.6,16.63,544.53,11.67,0.25,18.8,232.3,296.7,7.67,41.02,6,4082.26
JHARKHAND,RAMGARH,1.05,3.966,2.025,0.503,265.6,16.63,544.53,11.67,0.25,18.8,232.3,296.7,7.67,41.02,6,4082.26
JHARKHAND,RANCHI,1.05,3.966,2.025,0.503,265.6,16.63,544.53,11.67,0.25,18.8,232.3,296.7,7.67,41.02,6,4082.26
JHARKHAND,SAHEBGANJ,1.05,3.966,2.025,0.503,265.6,16.63,544.53,11.67,0.25,18.8,232.3,296.7,7.67,41.02,6,4082.26
JHARKHAND,SARAIKELA,1.05,3.966,2.025,0.503,265.6,16.63,544.53,11.67,0.25,18.8,232.3,296.7,7.67,41.02,6,4082.26
JHARKHAND,SIMDEGA,1.05,3.966,2.025,0.503,265.6,16.63,544.53,11.67,0.25,18.8,232.3,296.7,7.67,41.02,6,4082.26
JHARKHAND,WEST SINGHBHUM,1.05,3.966,2.025,0.503,265.6,16.63,544.53,11.67,0.25,18.8,232.3,296.7,7.67,41.02,6,4082.26
KARNATAKA,BAGALKOT,1.05,2.914,1.584,0.422,235.12,12.82,530.51,14.11,0.23,19.9,249.1,588.7,5.86,15.09,93,49652.37
KARNATAKA,BANGALORE RURAL,1.05,2.914,1.584,0.422,235.12,12.82,530.51,14.11,0.23,19.9,249.1,588.7,5.86,15.09,93,49652.37
KARNATAKA,BANGLORE URBAN,1.05,2.914,1.584,0.422,235.12,12.82,530.51,14.11,0.23,19.9,249.1,588.7,5.86,15.09,93,49652.37
KARNATAKA,BELGAUM,1.05,2.914,1.584,0.422,235.12,12.82,530.51,14.11,0.23,19.9,249.1,588.7,5.86,15.09,93,49652.37
KARNATAKA,BELLARY,1.05,2.914,1.584,0.422,235.12,12.82,530.51,14.11,0.23,19.9,249.1,588.7,5.86,15.09,93,49652.37
KARNATAKA,BIDAR,1.05,2.914,1.584,0.422,235.12,12.82,530.51,14.11,0.23,19.9,249.1,588.7,5.86,15.09,93,49652.37
KARNATAKA,BIJAAPUR,1.05,2.914,1.584,0.422,235.12,12.82,530.51,14.11,0.23,19.9,249.1,588.7,5.86,15.09,93,49652.37
KARNATAKA,CHAMARAJANAGAR,1.05,2.914,1.584,0.422,235.12,12.82,530.51,14.11,0.23,19.9,249.1,588.7,5.86,15.09,93,49652.37
KARNATAKA,CHIKBALLAPUR,1.05,2.914,1.584,0.422,235.12,12.82,530.51,14.11,0.23,19.9,249.1,588.7,5.86,15.09,93,49652.37
KARNATAKA,CHIKMAGALUR,1.05,2.914,1.584,0.422,235.12,12.82,530.51,14.11,0.23,19.9,249.1,588.7,5.86,15.09,93,49652.37
KARNATAKA,CHITRADURGA,1.05,2.914,1.584,0.422,235.12,12.82,530.51,14.11,0.23,19.9,249.1,588.7,5.86,15.09,93,49652.37
KARNATAKA,DAKSHIN KANNADA,1.05,2.914,1.584,0.422,235.12,12.82,530.51,14.11,0.23,19.9,249.1,588.7,5.86,15.09,93,49652.37
KARNATAKA,DAVANGERE,1.05,2.914,1.584,0.422,235.12,12.82,530.51,14.11,0.23,19.9,249.1,588.7,5.86,15.09,93,49652.37
KARNATAKA,DHARWAD,1.05,2.914,1.584,0.422,235.12,12.82,530.51,14.11,0.23,19.9,249.1,588.7,5.86,15.09,93,49652.37
KARNATAKA,GADAG,1.05,2.914,1.584,0.422,235.12,12.82,530.51,14.11,0.23,19.9,249.1,588.7,5.86,15.09,93,49652.37
KARNATAKA,GULBARGA,1.05,2.914,1.584,0.422,235.12,12.82,530.51,14.11,0.23,19.9,249.1,588.7,5.86,15.09,93,49652.37
KARNATAKA,HASSAN,1.05,2.914,1.584,0.422,235.12,12.82,530.51,14.11,0.23,19.9,249.1,588.7,5.86,15.09,93,49652.37
KARNATAKA,HAVERI,1.05,2.914,1.584,0.422,235.12,12.82,530.51,14.11,0.23,19.9,249.1,588.7,5.86,15.09,93,49652.37
KARNATAKA,KODAGU,1.05,2.914,1.584,0.422,235.12,12.82,530.51,14.11,0.23,19.9,249.1,588.7,5.86,15.09,93,49652.37
KARNATAKA,KOLAR,1.05,2.914,1.584,0.422,235.12,12.82,530.51,14.11,0.23,19.9,249.1,588.7,5.86,15.09,93,49652.37
KARNATAKA,KOPPAL,1.05,2.914,1.584,0.422,235.12,12.82,530.51,14.11,0.23,19.9,249.1,588.7,5.86,15.09,93,49652.37
KARNATAKA,MANDHYA,1.05,2.914,1.584,0.422,235.12,12.82,530.51,14.11,0.23,19.9,249.1,588.7,5.86,15.09,93,49652.37
KARNATAKA,MYSORE,1.05,2.914,1.584,0.422,235.12,12.82,530.51,14.11,0.23,19.9,249.1,588.7,5.86,15.09,93,49652.37
KARNATAKA,RAICHUR,1.05,2.914,1.584,0.422,235.12,12.82,530.51,14.11,0.23,19.9,249.1,588.7,5.86,15.09,93,49652.37
KARNATAKA,RAMNAGAR,1.05,2.914,1.584,0.422,235.12,12.82,530.51,14.11,0.23,19.9,249.1,588.7,5.86,15.09,93,49652.37
KARNATAKA,SHIMOGA,1.05,2.914,1.584,0.422,235.12,12.82,530.51,14.11,0.23,19.9,249.1,588.7,5.86,15.09,93,49652.37
KARNATAKA,TUMKUR,1.05,2.914,1.584,0.422,235.12,12.82,530.51,14.11,0.23,19.9,249.1,588.7,5.86,15.09,93,49652.37
KARNATAKA,UDUPI,1.05,2.914,1.584,0.422,235.12,12.82,530.51,14.11,0.23,19.9,249.1,588.7,5.86,15.09,93,49652.37
KARNATAKA,UTTAR KANNADA,1.05,2.914,1.584,0.422,235.12,12.82,530.51,14.11,0.23,19.9,249.1,588.7,5.86,15.09,93,49652.37
KARNATAKA,VIJAYANAGARA,1.05,2.914,1.584,0.422,235.12,12.82,530.51,14.11,0.23,19.9,249.1,588.7,5.86,15.09,93,49652.37
KARNATAKA,YADGIR,1.05,2.914,1.584,0.422,235.12,12.82,530.51,14.11,0.23,19.9,249.1,588.7,5.86,15.09,93,49652.37
KERALA,ALAPPUZHA,1.05,6.626,5.919,0.834,299.39,26.72,516.93,10.08,0.27,17.6,203.9,384.8,17.76,76.02,3,3185.36
KERALA,ERNAKULAM,1.05,6.626,5.919,0.834,299.39,26.72,516.93,10.08,0.27,17.6,203.9,384.8,17.76,76.02,3,3185.36
KERALA,IDUKKI,1.05,6.626,5.919,0.834,299.39,26.72,516.93,10.08,0.27,17.6,203.9,384.8,17.76,76.02,3,3185.36
KERALA,KANNUR,1.05,6.626,5.919,0.834,299.39,26.72,516.93,10.08,0.27,17.6,203.9,384.8,17.76,76.02,3,3185.36
KERALA,KASARGOD,1.05,6.626,5.919,0.834,299.39,26.72,516.93,10.08,0.27,17.6,203.9,384.8,17.76,76.02,3,3185.36
KERALA,KOLLAM,1.05,6.626,5.919,0.834,299.39,26.72,516.93,10.08,0.27,17.6,203.9,384.8,17.76,76.02,3,3185.36
KERALA,KOTTYAM,1.05,6.626,5.919,0.834,299.39,26.72,516.93,10.08,0.27,17.6,203.9,384.8,17.76,76.02,3,3185.36
KERALA,KOZIKOD,1.05,6.626,5.919,0.834,299.39,26.72,516.93,10.08,0.27,17.6,203.9,384.8,17.76,76.02,3,3185.36
KERALA,MALAPPURAM,1.05,6.626,5.919,0.834,299.39,26.72,516.93,10.08,0.27,17.6,203.9,384.8,17.76,76.02,3,3185.36
KERALA,PALAKKAD,1.05,6.626,5.919,0.834,299.39,26.72,516.93,10.08,0.27,17.6,203.9,384.8,17.76,76.02,3,3185.36
KERALA,PATTANAMITTIA,1.05,6.626,5.919,0.834,299.39,26.72,516.93,10.08,0.27,17.6,203.9,384.8,17.76,76.02,3,3185.36
KERALA,THIRUVANANTHPURAM,1.05,6.626,5.919,0.834,299.39,26.72,516.93,10.08,0.27,17.6,203.9,384.8,17.76,76.02,3,3185.36
KERALA,TRISHUR,1.05,6.626,5.919,0.834,299.39,26.72,516.93,10.08,0.27,17.6,203.9,384.8,17.76,76.02,3,3185.36
KERALA,WAYANAD,1.05,6.626,5.919,0.834,299.39,26.72,516.93,10.08,0.27,17.6,203.9,384.8,17.76,76.02,3,3185.36
LADAKH,KARGIL,1.05,3.072,1.045,0.298,249.72,12.85,539.0,9.45,0.21,21.1,260.1,514.5,5.39,16.16,97,5578.2
LADAKH,LEH AND LADAKH,1.05,3.072,1.045,0.298,249.72,12.85,539.0,9.45,0.21,21.1,260.1,514.5,5.39,16.16,97,5578.2
LAKSHADWEEP,LAKSHADWEEP,1.05,6.626,5.919,0.834,299.39,26.72,516.93,10.08,0.27,17.6,203.9,384.8,17.76,76.02,3,3185.36
MADHYA PRADESH,AGAR-MALWA,1.05,3.039,1.206,0.4,264.9,12.71,543.64,7.35,0.2,21.9,274.8,529.3,6.6,20.72,9,5644.67
MADHYA PRADESH,ALIRAJPUR,1.05,3.039,1.206,0.4,264.9,12.71,543.64,7.35,0.2,21.9,274.8,529.3,6.6,20.72,9,5644.67
MADHYA PRADESH,ANUPPUR,1.05,3.039,1.206,0.4,264.9,12.71,543.64,7.35,0.2,21.9,274.8,529.3,6.6,20.72,9,5644.67
MADHYA PRADESH,ASHOKNAGAR,1.05,3.039,1.206,0.4,264.9,12.71,543.64,7.35,0.2,21.9,274.8,529.3,6.6,20.72,9,5644.67
MADHYA PRADESH,BALAGHAT,1.05,3.039,1.206,0.4,264.9,12.71,543.64,7.35,0.2,21.9,274.8,529.3,6.6,20.72,9,5644.67
MADHYA PRADESH,BARWANI,1.05,3.039,1.206,0.4,264.9,12.71,543.64,7.35,0.2,21.9,274.8,529.3,6.6,20.72,9,5644.67
MADHYA PRADESH,BETUL,1.05,3.039,1.206,0.4,264.9,12.71,543.64,7.35,0.2,21.9,274.8,529.3,6.6,20.72,9,5644.67
MADHYA PRADESH,BHIND,1.05,3.039,1.206,0.4,264.9,12.71,543.64,7.35,0.2,21.9,274.8,529.3,6.6,20.72,9,5644.67
MADHYA PRADESH,BHOPAL,1.05,3.039,1.206,0.4,264.9,12.71,543.64,7.35,0.2,21.9,274.8,529.3,6.6,20.72,9,5644.67
MADHYA PRADESH,BURHANPUR,1.05,3.039,1.206,0.4,264.9,12.71,543.64,7.35,0.2,21.9,274.8,529.3,6.6,20.72,9,5644.67
MADHYA PRADESH,CHHATARPUR,1.05,3.039,1.206,0.4,264.9,12.71,543.64,7.35,0.2,21.9,274.8,529.3,6.6,20.72,9,5644.67
MADHYA PRADESH,CHHINDWARA,1.05,3.039,1.206,0.4,264.9,12.71,543.64,7.35,0.2,21.9,274.8,529.3,6.6,20.72,9,5644.67
MADHYA PRADESH,DAMOH,1.05,3.039,1.206,0.4,264.9,12.71,543.64,7.35,0.2,21.9,274.8,529.3,6.6,20.72,9,5644.67
MADHYA PRADESH,DATIA,1.05,3.039,1.206,0.4,264.9,12.71,543.64,7.35,0.2,21.9,274.8,529.3,6.6,20.72,9,5644.67
MADHYA PRADESH,DEWAS,1.05,3.039,1.206,0.4,264.9,12.71,543.64,7.35,0.2,21.9,274.8,529.3,6.6,20.72,9,5644.67
MADHYA PRADESH,DHAR,1.05,3.039,1.206,0.4,264.9,12.71,543.64,7.35,0.2,21.9,274.8,529.3,6.6,20.72,9,5644.67
MADHYA PRADESH,DINDORI,1.05,3.039,1.206,0.4,264.9,12.71,543.64,7.35,0.2,21.9,274.8,529.3,6.6,20.72,9,5644.67
MADHYA PRADESH,GUNA,1.05,3.039,1.206,0.4,264.9,12.71,543.64,7.35,0.2,21.9,274.8,529.3,6.6,20.72,9,5644.67
MADHYA PRADESH,GWALIOR,1.05,3.039,1.206,0.4,264.9,12.71,543.64,7.35,0.2,21.9,274.8,529.3,6.6,20.72,9,5644.67
MADHYA PRADESH,HARDA,1.05,3.039,1.206,0.4,264.9,12.71,543.64,7.35,0.2,21.9,274.8,529.3,6.6,20.72,9,5644.67
MADHYA PRADESH,INDORE,1.05,3.039,1.206,0.4,264.9,12.71,543.64,7.35,0.2,21.9,274.8,529.3,6.6,20.72,9,5644.67
MADHYA PRADESH,JABALPUR,1.05,3.039,1.206,0.4,264.9,12.71,543.64,7.35,0.2,21.9,274.8,529.3,6.6,20.72,9,5644.67
MADHYA PRADESH,JHABUA,1.05,3.039,1.206,0.4,264.9,12.71,543.64,7.35,0.2,21.9,274.8,529.3,6.6,20.72,9,5644.67
MADHYA PRADESH,KATNI,1.05,3.039,1.206,0.4,264.9,12.71,543.64,7.35,0.2,21.9,274.8,529.3,6.6,20.72,9,5644.67
MADHYA PRADESH,KHANDWA,1.05,3.039,1.206,0.4,264.9,12.71,543.64,7.35,0.2,21.9,274.8,529.3,6.6,20.72,9,5644.67
MADHYA PRADESH,KHARGONE,1.05,3.039,1.206,0.4,264.9,12.71,543.64,7.35,0.2,21.9,274.8,529.3,6.6,20.72,9,5644.67
MADHYA PRADESH,MANDLA,1.05,3.039,1.206,0.4,264.9,12.71,543.64,7.35,0.2,21.9,274.8,529.3,6.6,20.72,9,5644.67
MADHYA PRADESH,MANDSAUR,1.05,3.039,1.206,0.4,264.9,12.71,543.64,7.35,0.2,21.9,274.8,529.3,6.6,20.72,9,5644.67
MADHYA PRADESH,MORENA,1.05,3.039,1.206,0.4,264.9,12.71,543.64,7.35,0.2,21.9,274.8,529.3,6.6,20.72,9,5644.67
MADHYA PRADESH,NARMADAPURAM,1.05,3.039,1.206,0.4,264.9,12.71,543.64,7.35,0.2,21.9,274.8,529.3,6.6,20.72,9,5644.67
MADHYA PRADESH,NARSHIMAPURA,1.05,3.039,1.206,0.4,264.9,12.71,543.64,7.35,0.2,21.9,274.8,529.3,6.6,20.72,9,5644.67
MADHYA PRADESH,NIMACH,1.05,3.039,1.206,0.4,264.9,12.71,543.64,7.35,0.2,21.9,274.8,529.3,6.6,20.72,9,5644.67
MADHYA PRADESH,NIWARI,1.05,3.039,1.206,0.4,264.9,12.71,543.64,7.35,0.2,21.9,274.8,529.3,6.6,20.72,9,5644.67
MADHYA PRADESH,PANNA,1.05,3.039,1.206,0.4,264.9,12.71,543.64,7.35,0.2,21.9,274.8,529.3,6.6,20.72,9,5644.67
MADHYA PRADESH,RAISEN,1.05,3.039,1.206,0.4,264.9,12.71,543.64,7.35,0.2,21.9,274.8,529.3,6.6,20.72,9,5644.67
MADHYA PRADESH,RAJGARH,1.05,3.039,1.206,0.4,264.9,12.71,543.64,7.35,0.2,21.9,274.8,529.3,6.6,20.72,9,5644.67
MADHYA PRADESH,RATLAM,1.05,3.039,1.206,0.4,264.9,12.71,543.64,7.35,0.2,21.9,274.8,529.3,6.6,20.72,9,5644.67
MADHYA PRADESH,REWA,1.05,3.039,1.206,0.4,264.9,12.71,543.64,7.35,0.2,21.9,274.8,529.3,6.6,20.72,9,5644.67
MADHYA PRADESH,SAGAR,1.05,3.039,1.206,0.4,264.9,12.71,543.64,7.35,0.2,21.9,274.8,529.3,6.6,20.72,9,5644.67
MADHYA PRADESH,SATNA,1.05,3.039,1.206,0.4,264.9,12.71,543.64,7.35,0.2,21.9,274.8,529.3,6.6,20.72,9,5644.67
MADHYA PRADESH,SEHORE,1.05,3.039,1.206,0.4,264.9,12.71,543.64,7.35,0.2,21.9,274.8,529.3,6.6,20.72,9,5644.67
MADHYA PRADESH,SEONI,1.05,3.039,1.206,0.4,264.9,12.71,543.64,7.35,0.2,21.9,274.8,529.3,6.6,20.72,9,5644.67
MADHYA PRADESH,SHAHDOL,1.05,3.039,1.206,0.4,264.9,12.71,543.64,7.35,0.2,21.9,274.8,529.3,6.6,20.72,9,5644.67
MADHYA PRADESH,SHAJAPUR,1.05,3.039,1.206,0.4,264.9,12.71,543.64,7.35,0.2,21.9,274.8,529.3,6.6,20.72,9,5644.67
MADHYA PRADESH,SHEOPUR,1.05,3.039,1.206,0.4,264.9,12.71,543.64,7.35,0.2,21.9,274.8,529.3,6.6,20.72,9,5644.67
MADHYA PRADESH,SHIVPURI,1.05,3.039,1.206,0.4,264.9,12.71,543.64,7.35,0.2,21.9,274.8,529.3,6.6,20.72,9,5644.67
MADHYA PRADESH,SIDHI,1.05,3.039,1.206,0.4,264.9,12.71,543.64,7.35,0.2,21.9,274.8,529.3,6.6,20.72,9,5644.67
MADHYA PRADESH,SINGRAULI,1.05,3.039,1.206,0.4,264.9,12.71,543.64,7.35,0.2,21.9,274.8,529.3,6.6,20.72,9,5644.67
MADHYA PRADESH,TIKAMGARH,1.05,3.039,1.206,0.4,264.9,12.71,543.64,7.35,0.2,21.9,274.8,529.3,6.6,20.72,9,5644.67
MADHYA PRADESH,UJJAIN,1.05,3.039,1.206,0.4,264.9,12.71,543.64,7.35,0.2,21.9,274.8,529.3,6.6,20.72,9,5644.67
MADHYA PRADESH,UMARIA,1.05,3.039,1.206,0.4,264.9,12.71,543.64,7.35,0.2,21.9,274.8,529.3,6.6,20.72,9,5644.67
MADHYA PRADESH,VIDESHA,1.05,3.039,1.206,0.4,264.9,12.71,543.64,7.35,0.2,21.9,274.8,529.3,6.6,20.72,9,5644.67
MAHARASHTRA,AHMADNAGAR,1.05,3.072,1.045,0.298,249.72,12.85,539.0,9.45,0.21,21.1,260.1,514.5,5.39,16.16,97,5578.2
MAHARASHTRA,AKOLA,1.05,3.072,1.045,0.298,249.72,12.85,539.0,9.45,0.21,21.1,260.1,514.5,5.39,16.16,97,5578.2
MAHARASHTRA,AMARAVATI,1.05,3.072,1.045,0.298,249.72,12.85,539.0,9.45,0.21,21.1,260.1,514.5,5.39,16.16,97,5578.2
MAHARASHTRA,BHANDARA,1.05,3.072,1.045,0.298,249.72,12.85,539.0,9.45,0.21,21.1,260.1,514.5,5.39,16.16,97,5578.2
MAHARASHTRA,BID,1.05,3.072,1.045,0.298,249.72,12.85,539.0,9.45,0.21,21.1,260.1,514.5,5.39,16.16,97,5578.2
MAHARASHTRA,BULDHANA,1.05,3.072,1.045,0.298,249.72,12.85,539.0,9.45,0.21,21.1,260.1,514.5,5.39,16.16,97,5578.2
MAHARASHTRA,CHANDRAPUR,1.05,3.072,1.045,0.298,249.72,12.85,539.0,9.45,0.21,21.1,260.1,514.5,5.39,16.16,97,5578.2
MAHARASHTRA,CHHATRAPATI SAMBHAJINAGAR,1.05,3.072,1.045,0.298,249.72,12.85,539.0,9.45,0.21,21.1,260.1,514.5,5.39,16.16,97,5578.2
MAHARASHTRA,DHARASHIV,1.05,3.072,1.045,0.298,249.72,12.85,539.0,9.45,0.21,21.1,260.1,514.5,5.39,16.16,97,5578.2
MAHARASHTRA,DHULE,1.05,3.072,1.045,0.298,249.72,12.85,539.0,9.45,0.21,21.1,260.1,514.5,5.39,16.16,97,5578.2
MAHARASHTRA,GADCHIROLI,1.05,3.072,1.045,0.298,249.72,12.85,539.0,9.45,0.21,21.1,260.1,514.5,5.39,16.16,97,5578.2
MAHARASHTRA,GONDIYA,1.05,3.072,1.045,0.298,249.72,12.85,539.0,9.45,0.21,21.1,260.1,514.5,5.39,16.16,97,5578.2
MAHARASHTRA,HINGOLI,1.05,3.072,1.045,0.298,249.72,12.85,539.0,9.45,0.21,21.1,260.1,514.5,5.39,16.16,97,5578.2
MAHARASHTRA,JALGAON,1.05,3.072,1.045,0.298,249.72,12.85,539.0,9.45,0.21,21.1,260.1,514.5,5.39,16.16,97,5578.2
MAHARASHTRA,JALNA,1.05,3.072,1.045,0.298,249.72,12.85,539.0,9.45,0.21,21.1,260.1,514.5,5.39,16.16,97,5578.2
MAHARASHTRA,KOLHAPUR,1.05,3.072,1.045,0.298,249.72,12.85,539.0,9.45,0.21,21.1,260.1,514.5,5.39,16.16,97,5578.2
MAHARASHTRA,LATUR,1.05,3.072,1.045,0.298,249.72,12.85,539.0,9.45,0.21,21.1,260.1,514.5,5.39,16.16,97,5578.2
MAHARASHTRA,MUMBAI CITY,1.05,3.072,1.045,0.298,249.72,12.85,539.0,9.45,0.21,21.1,260.1,514.5,5.39,16.16,97,5578.2
MAHARASHTRA,NAGPUR,1.05,3.072,1.045,0.298,249.72,12.85,539.0,9.45,0.21,21.1,260.1,514.5,5.39,16.16,97,5578.2
MAHARASHTRA,NANDED,1.05,3.072,1.045,0.298,249.72,12.85,539.0,9.45,0.21,21.1,260.1,514.5,5.39,16.16,97,5578.2
MAHARASHTRA,NANDURBAR,1.05,3.072,1.045,0.298,249.72,12.85,539.0,9.45,0.21,21.1,260.1,514.5,5.39,16.16,97,5578.2
MAHARASHTRA,NASIK,1.05,3.072,1.045,0.298,249.72,12.85,539.0,9.45,0.21,21.1,260.1,514.5,5.39,16.16,97,5578.2
MAHARASHTRA,PALGHAR,1.05,3.072,1.045,0.298,249.72,12.85,539.0,9.45,0.21,21.1,260.1,514.5,5.39,16.16,97,5578.2
MAHARASHTRA,PARBHANI,1.05,3.072,1.045,0.298,249.72,12.85,539.0,9.45,0.21,21.1,260.1,514.5,5.39,16.16,97,5578.2
MAHARASHTRA,PUNE,1.05,3.072,1.045,0.298,249.72,12.85,539.0,9.45,0.21,21.1,260.1,514.5,5.39,16.16,97,5578.2
MAHARASHTRA,RAIGAD,1.05,3.072,1.045,0.298,249.72,12.85,539.0,9.45,0.21,21.1,260.1,514.5,5.39,16.16,97,5578.2
MAHARASHTRA,RATNAGIRI,1.05,3.072,1.045,0.298,249.72,12.85,539.0,9.45,0.21,21.1,260.1,514.5,5.39,16.16,97,5578.2
MAHARASHTRA,SANGLI,1.05,3.072,1.045,0.298,249.72,12.85,539.0,9.45,0.21,21.1,260.1,514.5,5.39,16.16,97,5578.2
MAHARASHTRA,SATARA,1.05,3.072,1.045,0.298,249.72,12.85,539.0,9.45,0.21,21.1,260.1,514.5,5.39,16.16,97,5578.2
MAHARASHTRA,SINDHUDURG,1.05,3.072,1.045,0.298,249.72,12.85,539.0,9.45,0.21,21.1,260.1,514.5,5.39,16.16,97,5578.2
MAHARASHTRA,SOLAPUR,1.05,3.072,1.045,0.298,249.72,12.85,539.0,9.45,0.21,21.1,260.1,514.5,5.39,16.16,97,5578.2
MAHARASHTRA,SUBURBAN MUMBAI,1.05,3.072,1.045,0.298,249.72,12.85,539.0,9.45,0.21,21.1,260.1,514.5,5.39,16.16,97,5578.2
MAHARASHTRA,THANE,1.05,3.072,1.045,0.298,249.72,12.85,539.0,9.45,0.21,21.1,260.1,514.5,5.39,16.16,97,5578.2
MAHARASHTRA,WARDHA,1.05,3.072,1.045,0.298,249.72,12.85,539.0,9.45,0.21,21.1,260.1,514.5,5.39,16.16,97,5578.2
MAHARASHTRA,WASHIM,1.05,3.072,1.045,0.298,249.72,12.85,539.0,9.45,0.21,21.1,260.1,514.5,5.39,16.16,97,5578.2
MAHARASHTRA,YAVATMAL,1.05,3.072,1.045,0.298,249.72,12.85,539.0,9.45,0.21,21.1,260.1,514.5,5.39,16.16,97,5578.2
MANIPUR,BISHNUPUR,1.05,3.417,0.913,0.259,229.67,16.0,479.19,13.92,0.25,19.5,247.5,459.1,17.04,46.59,2,1325.09
MANIPUR,CHANDEL,1.05,3.417,0.913,0.259,229.67,16.0,479.19,13.92,0.25,19.5,247.5,459.1,17.04,46.59,2,1325.09
MANIPUR,CHURACHANDPUR,1.05,3.417,0.913,0.259,229.67,16.0,479.19,13.92,0.25,19.5,247.5,459.1,17.04,46.59,2,1325.09
MANIPUR,IMPHAL EAST,1.05,3.417,0.913,0.259,229.67,16.0,479.19,13.92,0.25,19.5,247.5,459.1,17.04,46.59,2,1325.09
MANIPUR,IMPHAL WEST,1.05,3.417,0.913,0.259,229.67,16.0,479.19,13.92,0.25,19.5,247.5,459.1,17.04,46.59,2,1325.09
MANIPUR,SENAPATI,1.05,3.417,0.913,0.259,229.67,16.0,479.19,13.92,0.25,19.5,247.5,459.1,17.04,46.59,2,1325.09
MANIPUR,TAMENGLONG,1.05,3.417,0.913,0.259,229.67,16.0,479.19,13.92,0.25,19.5,247.5,459.1,17.04,46.59,2,1325.09
MANIPUR,THOUBAL,1.05,3.417,0.913,0.259,229.67,16.0,479.19,13.92,0.25,19.5,247.5,459.1,17.04,46.59,2,1325.09
MANIPUR,UKHRUL,1.05,3.417,0.913,0.259,229.67,16.0,479.19,13.92,0.25,19.5,247.5,459.1,17.04,46.59,2,1325.09
MEGHALAYA,EAST GARO HILLS,1.05,3.417,0.913,0.259,229.67,16.0,479.19,13.92,0.25,19.5,247.5,459.1,17.04,46.59,2,1325.09
MEGHALAYA,EAST JAINTIA HILLS,1.05,3.417,0.913,0.259,229.67,16.0,479.19,13.92,0.25,19.5,247.5,459.1,17.04,46.59,2,1325.09
MEGHALAYA,EAST KHASI HILLS,1.05,3.417,0.913,0.259,229.67,16.0,479.19,13.92,0.25,19.5,247.5,459.1,17.04,46.59,2,1325.09
MEGHALAYA,NORTH GARO HILLS,1.05,3.417,0.913,0.259,229.67,16.0,479.19,13.92,0.25,19.5,247.5,459.1,17.04,46.59,2,1325.09
MEGHALAYA,RI BHOI,1.05,3.417,0.913,0.259,229.67,16.0,479.19,13.92,0.25,19.5,247.5,459.1,17.04,46.59,2,1325.09
MEGHALAYA,SOUTH GARO HILLS,1.05,3.417,0.913,0.259,229.67,16.0,479.19,13.92,0.25,19.5,247.5,459.1,17.04,46.59,2,1325.09
MEGHALAYA,SOUTH WEST GARO HILLS,1.05,3.417,0.913,0.259,229.67,16.0,479.19,13.92,0.25,19.5,247.5,459.1,17.04,46.59,2,1325.09
MEGHALAYA,SOUTH WEST KHASI HILLS,1.05,3.417,0.913,0.259,229.67,16.0,479.19,13.92,0.25,19.5,247.5,459.1,17.04,46.59,2,1325.09
MEGHALAYA,WEST GARO HILLS,1.05,3.417,0.913,0.259,229.67,16.0,479.19,13.92,0.25,19.5,247.5,459.1,17.04,46.59,2,1325.09
MEGHALAYA,WEST JAINTIA HILLS,1.05,3.417,0.913,0.259,229.67,16.0,479.19,13.92,0.25,19.5,247.5,459.1,17.04,46.59,2,1325.09
MEGHALAYA,WEST KHASI HILLS,1.05,3.417,0.913,0.259,229.67,16.0,479.19,13.92,0.25,19.5,247.5,459.1,17.04,46.59,2,1325.09
MIZORAM,AIZAWL,1.05,3.417,0.913,0.259,229.67,16.0,479.19,13.92,0.25,19.5,247.5,459.1,17.04,46.59,2,1325.09
MIZORAM,CHAMPHAI,1.05,3.417,0.913,0.259,229.67,16.0,479.19,13.92,0.25,19.5,247.5,459.1,17.04,46.59,2,1325.09
MIZORAM,KOLASIB,1.05,3.417,0.913,0.259,229.67,16.0,479.19,13.92,0.25,19.5,247.5,459.1,17.04,46.59,2,1325.09
MIZORAM,LAWNGTLAI,1.05,3.417,0.913,0.259,229.67,16.0,479.19,13.92,0.25,19.5,247.5,459.1,17.04,46.59,2,1325.09
MIZORAM,LUNGLEI,1.05,3.417,0.913,0.259,229.67,16.0,479.19,13.92,0.25,19.5,247.5,459.1,17.04,46.59,2,1325.09
MIZORAM,MAMIT,1.05,3.417,0.913,0.259,229.67,16.0,479.19,13.92,0.25,19.5,247.5,459.1,17.04,46.59,2,1325.09
MIZORAM,SAIHA,1.05,3.417,0.913,0.259,229.67,16.0,479.19,13.92,0.25,19.5,247.5,459.1,17.04,46.59,2,1325.09
MIZORAM,SERCHHIP,1.05,3.417,0.913,0.259,229.67,16.0,479.19,13.92,0.25,19.5,247.5,459.1,17.04,46.59,2,1325.09
NAGALAND,DIMAPUR,1.05,3.417,0.913,0.259,229.67,16.0,479.19,13.92,0.25,19.5,247.5,459.1,17.04,46.59,2,1325.09
NAGALAND,KIPHIRE,1.05,3.417,0.913,0.259,229.67,16.0,479.19,13.92,0.25,19.5,247.5,459.1,17.04,46.59,2,1325.09
NAGALAND,KOHIMA,1.05,3.417,0.913,0.259,229.67,16.0,479.19,13.92,0.25,19.5,247.5,459.1,17.04,46.59,2,1325.09
NAGALAND,LONGLENG,1.05,3.417,0.913,0.259,229.67,16.0,479.19,13.92,0.25,19.5,247.5,459.1,17.04,46.59,2,1325.09
NAGALAND,MOKOKCHUNG,1.05,3.417,0.913,0.259,229.67,16.0,479.19,13.92,0.25,19.5,247.5,459.1,17.04,46.59,2,1325.09
NAGALAND,MON,1.05,3.417,0.913,0.259,229.67,16.0,479.19,13.92,0.25,19.5,247.5,459.1,17.04,46.59,2,1325.09
NAGALAND,PEREN,1.05,3.417,0.913,0.259,229.67,16.0,479.19,13.92,0.25,19.5,247.5,459.1,17.04,46.59,2,1325.09
NAGALAND,PHEK,1.05,3.417,0.913,0.259,229.67,16.0,479.19,13.92,0.25,19.5,247.5,459.1,17.04,46.59,2,1325.09
NAGALAND,TUENSANG,1.05,3.417,0.913,0.259,229.67,16.0,479.19,13.92,0.25,19.5,247.5,459.1,17.04,46.59,2,1325.09
NAGALAND,WOKHA,1.05,3.417,0.913,0.259,229.67,16.0,479.19,13.92,0.25,19.5,247.5,459.1,17.04,46.59,2,1325.09
NAGALAND,ZUNHEBOTO,1.05,3.417,0.913,0.259,229.67,16.0,479.19,13.92,0.25,19.5,247.5,459.1,17.04,46.59,2,1325.09
NCT of DELHI,CENTRAL DELHI,1.05,3.072,1.045,0.298,249.72,12.85,539.0,9.45,0.21,21.1,260.1,514.5,5.39,16.16,97,5578.2
NCT of DELHI,EAST DELHI,1.05,3.072,1.045,0.298,249.72,12.85,539.0,9.45,0.21,21.1,260.1,514.5,5.39,16.16,97,5578.2
NCT of DELHI,NEW DELHI,1.05,3.072,1.045,0.298,249.72,12.85,539.0,9.45,0.21,21.1,260.1,514.5,5.39,16.16,97,5578.2
NCT of DELHI,NORTH DELHI,1.05,3.072,1.045,0.298,249.72,12.85,539.0,9.45,0.21,21.1,260.1,514.5,5.39,16.16,97,5578.2
NCT of DELHI,NORTH EAST DELHI,1.05,3.072,1.045,0.298,249.72,12.85,539.0,9.45,0.21,21.1,260.1,514.5,5.39,16.16,97,5578.2
NCT of DELHI,NORTH WEST DELHI,1.05,3.072,1.045,0.298,249.72,12.85,539.0,9.45,0.21,21.1,260.1,514.5,5.39,16.16,97,5578.2
NCT of DELHI,SOUTH DELHI,1.05,3.072,1.045,0.298,249.72,12.85,539.0,9.45,0.21,21.1,260.1,514.5,5.39,16.16,97,5578.2
NCT of DELHI,SOUTH EAST DELHI,1.05,3.072,1.045,0.298,249.72,12.85,539.0,9.45,0.21,21.1,260.1,514.5,5.39,16.16,97,5578.2
NCT of DELHI,SOUTH WEST DELHI,1.05,3.072,1.045,0.298,249.72,12.85,539.0,9.45,0.21,21.1,260.1,514.5,5.39,16.16,97,5578.2
NCT of DELHI,WEST DELHI,1.05,3.072,1.045,0.298,249.72,12.85,539.0,9.45,0.21,21.1,260.1,514.5,5.39,16.16,97,5578.2
ODISHA,ANUGUL,1.05,3.49,1.125,0.323,250.56,14.18,512.93,9.73,0.22,20.9,253.9,412.2,6.19,34.81,34,1896.53
ODISHA,BALANGIR,1.05,3.49,1.125,0.323,250.56,14.18,512.93,9.73,0.22,20.9,253.9,412.2,6.19,34.81,34,1896.53
ODISHA,BALESHWAR,1.05,3.49,1.125,0.323,250.56,14.18,512.93,9.73,0.22,20.9,253.9,412.2,6.19,34.81,34,1896.53
ODISHA,BARAGARH,1.05,3.49,1.125,0.323,250.56,14.18,512.93,9.73,0.22,20.9,253.9,412.2,6.19,34.81,34,1896.53
ODISHA,BAUDA,1.05,3.49,1.125,0.323,250.56,14.18,512.93,9.73,0.22,20.9,253.9,412.2,6.19,34.81,34,1896.53
ODISHA,BHADRAK,1.05,3.49,1.125,0.323,250.56,14.18,512.93,9.73,0.22,20.9,253.9,412.2,6.19,34.81,34,1896.53
ODISHA,CUTTACK,1.05,3.49,1.125,0.323,250.56,14.18,512.93,9.73,0.22,20.9,253.9,412.2,6.19,34.81,34,1896.53
ODISHA,DEOGARH,1.05,3.49,1.125,0.323,250.56,14.18,512.93,9.73,0.22,20.9,253.9,412.2,6.19,34.81,34,1896.53
ODISHA,DHENKANAL,1.05,3.49,1.125,0.323,250.56,14.18,512.93,9.73,0.22,20.9,253.9,412.2,6.19,34.81,34,1896.53
ODISHA,GAJAPATHI,1.05,3.49,1.125,0.323,250.56,14.18,512.93,9.73,0.22,20.9,253.9,412.2,6.19,34.81,34,1896.53
ODISHA,GANJAM,1.05,3.49,1.125,0.323,250.56,14.18,512.93,9.73,0.22,20.9,253.9,412.2,6.19,34.81,34,1896.53
ODISHA,JAGATSINGHAPUR,1.05,3.49,1.125,0.323,250.56,14.18,512.93,9.73,0.22,20.9,253.9,412.2,6.19,34.81,34,1896.53
ODISHA,JAJAPUR,1.05,3.49,1.125,0.323,250.56,14.18,512.93,9.73,0.22,20.9,253.9,412.2,6.19,34.81,34,1896.53
ODISHA,JHARSUGUDA,1.05,3.49,1.125,0.323,250.56,14.18,512.93,9.73,0.22,20.9,253.9,412.2,6.19,34.81,34,1896.53
ODISHA,KALAHANDI,1.05,3.49,1.125,0.323,250.56,14.18,512.93,9.73,0.22,20.9,253.9,412.2,6.19,34.81,34,1896.53
ODISHA,KANDHAMAL,1.05,3.49,1.125,0.323,250.56,14.18,512.93,9.73,0.22,20.9,253.9,412.2,6.19,34.81,34,1896.53
ODISHA,KENDRAPARHA,1.05,3.49,1.125,0.323,250.56,14.18,512.93,9.73,0.22,20.9,253.9,412.2,6.19,34.81,34,1896.53
ODISHA,KENDUJHAR,1.05,3.49,1.125,0.323,250.56,14.18,512.93,9.73,0.22,20.9,253.9,412.2,6.19,34.81,34,1896.53
ODISHA,KHORDHA,1.05,3.49,1.125,0.323,250.56,14.18,512.93,9.73,0.22,20.9,253.9,412.2,6.19,34.81,34,1896.53
ODISHA,KORAPUT,1.05,3.49,1.125,0.323,250.56,14.18,512.93,9.73,0.22,20.9,253.9,412.2,6.19,34.81,34,1896.53
ODISHA,MALKANGIRI,1.05,3.49,1.125,0.323,250.56,14.18,512.93,9.73,0.22,20.9,253.9,412.2,6.19,34.81,34,1896.53
ODISHA,MAYURBHANJ,1.05,3.49,1.125,0.323,250.56,14.18,512.93,9.73,0.22,20.9,253.9,412.2,6.19,34.81,34,1896.53
ODISHA,NABARANGAPUR,1.05,3.49,1.125,0.323,250.56,14.18,512.93,9.73,0.22,20.9,253.9,412.2,6.19,34.81,34,1896.53
ODISHA,NAYAGARH,1.05,3.49,1.125,0.323,250.56,14.18,512.93,9.73,0.22,20.9,253.9,412.2,6.19,34.81,34,1896.53
ODISHA,NUAPARHA,1.05,3.49,1.125,0.323,250.56,14.18,512.93,9.73,0.22,20.9,253.9,412.2,6.19,34.81,34,1896.53
ODISHA,PURI,1.05,3.49,1.125,0.323,250.56,14.18,512.93,9.73,0.22,20.9,253.9,412.2,6.19,34.81,34,1896.53
ODISHA,RAYAGARHA,1.05,3.49,1.125,0.323,250.56,14.18,512.93,9.73,0.22,20.9,253.9,412.2,6.19,34.81,34,1896.53
ODISHA,SAMBALPUR,1.05,3.49,1.125,0.323,250.56,14.18,512.93,9.73,0.22,20.9,253.9,412.2,6.19,34.81,34,1896.53
ODISHA,SUBARNAPUR,1.05,3.49,1.125,0.323,250.56,14.18,512.93,9.73,0.22,20.9,253.9,412.2,6.19,34.81,34,1896.53
ODISHA,SUNDARGARH,1.05,3.49,1.125,0.323,250.56,14.18,512.93,9.73,0.22,20.9,253.9,412.2,6.19,34.81,34,1896.53
PUDUCHERRY,KARAIKAL,1.05,2.628,0.223,0.089,226.46,13.62,505.69,16.98,0.24,20.8,265.3,434.5,8.98,17.06,2,941.43
PUDUCHERRY,MAHE,1.05,2.628,0.223,0.089,226.46,13.62,505.69,16.98,0.24,20.8,265.3,434.5,8.98,17.06,2,941.43
PUDUCHERRY,PUDUCHERY,1.05,2.628,0.223,0.089,226.46,13.62,505.69,16.98,0.24,20.8,265.3,434.5,8.98,17.06,2,941.43
PUDUCHERRY,YANAM,1.05,2.628,0.223,0.089,226.46,13.62,505.69,16.98,0.24,20.8,265.3,434.5,8.98,17.06,2,941.43
PUNJAB,AMRITSAR,1.05,2.073,0.371,0.18,218.73,7.88,476.01,18.82,0.21,21.8,306.5,407.0,10.17,7.86,7,1705.91
PUNJAB,BARNALA,1.05,2.073,0.371,0.18,218.73,7.88,476.01,18.82,0.21,21.8,306.5,407.0,10.17,7.86,7,1705.91
PUNJAB,BATHINDA,1.05,2.073,0.371,0.18,218.73,7.88,476.01,18.82,0.21,21.8,306.5,407.0,10.17,7.86,7,1705.91
PUNJAB,FARIDKOT,1.05,2.073,0.371,0.18,218.73,7.88,476.01,18.82,0.21,21.8,306.5,407.0,10.17,7.86,7,1705.91
PUNJAB,FATEHGARH SAHIB,1.05,2.073,0.371,0.18,218.73,7.88,476.01,18.82,0.21,21.8,306.5,407.0,10.17,7.86,7,1705.91
PUNJAB,FAZILKA,1.05,2.073,0.371,0.18,218.73,7.88,476.01,18.82,0.21,21.8,306.5,407.0,10.17,7.86,7,1705.91
PUNJAB,FIROZPUR,1.05,2.073,0.371,0.18,218.73,7.88,476.01,18.82,0.21,21.8,306.5,407.0,10.17,7.86,7,1705.91
PUNJAB,GURDASPUR,1.05,2.073,0.371,0.18,218.73,7.88,476.01,18.82,0.21,21.8,306.5,407.0,10.17,7.86,7,1705.91
PUNJAB,HOSHIARPUR,1.05,2.073,0.371,0.18,218.73,7.88,476.01,18.82,0.21,21.8,306.5,407.0,10.17,7.86,7,1705.91
PUNJAB,JALANDHAR,1.05,2.073,0.371,0.18,218.73,7.88,476.01,18.82,0.21,21.8,306.5,407.0,10.17,7.86,7,1705.91
PUNJAB,KAPURTHALA,1.05,2.073,0.371,0.18,218.73,7.88,476.01,18.82,0.21,21.8,306.5,407.0,10.17,7.86,7,1705.91
PUNJAB,LUDHIANA,1.05,2.073,0.371,0.18,218.73,7.88,476.01,18.82,0.21,21.8,306.5,407.0,10.17,7.86,7,1705.91
PUNJAB,MANSA,1.05,2.073,0.371,0.18,218.73,7.88,476.01,18.82,0.21,21.8,306.5,407.0,10.17,7.86,7,1705.91
PUNJAB,MOGA,1.05,2.073,0.371,0.18,218.73,7.88,476.01,18.82,0.21,21.8,306.5,407.0,10.17,7.86,7,1705.91
PUNJAB,MUKTSAR,1.05,2.073,0.371,0.18,218.73,7.88,476.01,18.82,0.21,21.8,306.5,407.0,10.17,7.86,7,1705.91
PUNJAB,PATHANKOT,1.05,2.073,0.371,0.18,218.73,7.88,476.01,18.82,0.21,21.8,306.5,407.0,10.17,7.86,7,1705.91
PUNJAB,PATIALA,1.05,2.073,0.371,0.18,218.73,7.88,476.01,18.82,0.21,21.8,306.5,407.0,10.17,7.86,7,1705.91
PUNJAB,RUPNAGAR,1.05,2.073,0.371,0.18,218.73,7.88,476.01,18.82,0.21,21.8,306.5,407.0,10.17,7.86,7,1705.91
PUNJAB,SANGRUR,1.05,2.073,0.371,0.18,218.73,7.88,476.01,18.82,0.21,21.8,306.5,407.0,10.17,7.86,7,1705.91
PUNJAB,SAS NAGAR,1.05,2.073,0.371,0.18,218.73,7.88,476.01,18.82,0.21,21.8,306.5,407.0,10.17,7.86,7,1705.91
PUNJAB,SBS NAGAR,1.05,2.073,0.371,0.18,218.73,7.88,476.01,18.82,0.21,21.8,306.5,407.0,10.17,7.86,7,1705.91
PUNJAB,TARN TARAN,1.05,2.073,0.371,0.18,218.73,7.88,476.01,18.82,0.21,21.8,306.5,407.0,10.17,7.86,7,1705.91
RAJASTHAN,AJMER,1.05,2.323,0.673,0.273,237.59,8.94,518.64,14.64,0.2,21.4,297.5,372.8,5.67,1.52,15,3212.14
RAJASTHAN,ALWAR,1.05,2.323,0.673,0.273,237.59,8.94,518.64,14.64,0.2,21.4,297.5,372.8,5.67,1.52,15,3212.14
RAJASTHAN,BANSWARA,1.05,2.323,0.673,0.273,237.59,8.94,518.64,14.64,0.2,21.4,297.5,372.8,5.67,1.52,15,3212.14
RAJASTHAN,BARAN,1.05,2.323,0.673,0.273,237.59,8.94,518.64,14.64,0.2,21.4,297.5,372.8,5.67,1.52,15,3212.14
RAJASTHAN,BARMER,1.05,2.323,0.673,0.273,237.59,8.94,518.64,14.64,0.2,21.4,297.5,372.8,5.67,1.52,15,3212.14
RAJASTHAN,BHARATPUR,1.05,2.323,0.673,0.273,237.59,8.94,518.64,14.64,0.2,21.4,297.5,372.8,5.67,1.52,15,3212.14
RAJASTHAN,BHILWARA,1.05,2.323,0.673,0.273,237.59,8.94,518.64,14.64,0.2,21.4,297.5,372.8,5.67,1.52,15,3212.14
RAJASTHAN,BIKANER,1.05,2.323,0.673,0.273,237.59,8.94,518.64,14.64,0.2,21.4,297.5,372.8,5.67,1.52,15,3212.14
RAJASTHAN,BUNDI,1.05,2.323,0.673,0.273,237.59,8.94,518.64,14.64,0.2,21.4,297.5,372.8,5.67,1.52,15,3212.14
RAJASTHAN,CHITTAURGARH,1.05,2.323,0.673,0.273,237.59,8.94,518.64,14.64,0.2,21.4,297.5,372.8,5.67,1.52,15,3212.14
RAJASTHAN,CHURU,1.05,2.323,0.673,0.273,237.59,8.94,518.64,14.64,0.2,21.4,297.5,372.8,5.67,1.52,15,3212.14
RAJASTHAN,DAUSA,1.05,2.323,0.673,0.273,237.59,8.94,518.64,14.64,0.2,21.4,297.5,372.8,5.67,1.52,15,3212.14
RAJASTHAN,DHOLPUR,1.05,2.323,0.673,0.273,237.59,8.94,518.64,14.64,0.2,21.4,297.5,372.8,5.67,1.52,15,3212.14
RAJASTHAN,DUNGARPUR,1.05,2.323,0.673,0.273,237.59,8.94,518.64,14.64,0.2,21.4,297.5,372.8,5.67,1.52,15,3212.14
RAJASTHAN,GANGANAGAR,1.05,2.323,0.673,0.273,237.59,8.94,518.64,14.64,0.2,21.4,297.5,372.8,5.67,1.52,15,3212.14
RAJASTHAN,HANUMANGARH,1.05,2.323,0.673,0.273,237.59,8.94,518.64,14.64,0.2,21.4,297.5,372.8,5.67,1.52,15,3212.14
RAJASTHAN,JAIPUR,1.05,2.323,0.673,0.273,237.59,8.94,518.64,14.64,0.2,21.4,297.5,372.8,5.67,1.52,15,3212.14
RAJASTHAN,JAISELMER,1.05,2.323,0.673,0.273,237.59,8.94,518.64,14.64,0.2,21.4,297.5,372.8,5.67,1.52,15,3212.14
RAJASTHAN,JALOR,1.05,2.323,0.673,0.273,237.59,8.94,518.64,14.64,0.2,21.4,297.5,372.8,5.67,1.52,15,3212.14
RAJASTHAN,JHALAWAR,1.05,2.323,0.673,0.273,237.59,8.94,518.64,14.64,0.2,21.4,297.5,372.8,5.67,1.52,15,3212.14
RAJASTHAN,JHUNJHUNUN,1.05,2.323,0.673,0.273,237.59,8.94,518.64,14.64,0.2,21.4,297.5,372.8,5.67,1.52,15,3212.14
RAJASTHAN,JODHPUR,1.05,2.323,0.673,0.273,237.59,8.94,518.64,14.64,0.2,21.4,297.5,372.8,5.67,1.52,15,3212.14
RAJASTHAN,KARAULI,1.05,2.323,0.673,0.273,237.59,8.94,518.64,14.64,0.2,21.4,297.5,372.8,5.67,1.52,15,3212.14
RAJASTHAN,KOTA,1.05,2.323,0.673,0.273,237.59,8.94,518.64,14.64,0.2,21.4,297.5,372.8,5.67,1.52,15,3212.14
RAJASTHAN,NAGAUR,1.05,2.323,0.673,0.273,237.59,8.94,518.64,14.64,0.2,21.4,297.5,372.8,5.67,1.52,15,3212.14
RAJASTHAN,PALI,1.05,2.323,0.673,0.273,237.59,8.94,518.64,14.64,0.2,21.4,297.5,372.8,5.67,1.52,15,3212.14
RAJASTHAN,PRATAAPGARH,1.05,2.323,0.673,0.273,237.59,8.94,518.64,14.64,0.2,21.4,297.5,372.8,5.67,1.52,15,3212.14
RAJASTHAN,RAJSMAND,1.05,2.323,0.673,0.273,237.59,8.94,518.64,14.64,0.2,21.4,297.5,372.8,5.67,1.52,15,3212.14
RAJASTHAN,SIKAR,1.05,2.323,0.673,0.273,237.59,8.94,518.64,14.64,0.2,21.4,297.5,372.8,5.67,1.52,15,3212.14
RAJASTHAN,SIROHI,1.05,2.323,0.673,0.273,237.59,8.94,518.64,14.64,0.2,21.4,297.5,372.8,5.67,1.52,15,3212.14
RAJASTHAN,SWAIMADHOPUR,1.05,2.323,0.673,0.273,237.59,8.94,518.64,14.64,0.2,21.4,297.5,372.8,5.67,1.52,15,3212.14
RAJASTHAN,TONK,1.05,2.323,0.673,0.273,237.59,8.94,518.64,14.64,0.2,21.4,297.5,372.8,5.67,1.52,15,3212.14
RAJASTHAN,UDAIPUR,1.05,2.323,0.673,0.273,237.59,8.94,518.64,14.64,0.2,21.4,297.5,372.8,5.67,1.52,15,3212.14
SIKKIM,PAKYONG,1.05,3.797,1.472,0.386,257.59,15.88,537.03,9.77,0.24,17.7,223.5,467.5,8.33,43.41,6,3080.16
SIKKIM,SORENG,1.05,3.797,1.472,0.386,257.59,15.88,537.03,9.77,0.24,17.7,223.5,467.5,8.33,43.41,6,3080.16
TAMIL NADU,ARIYALUR,1.05,2.938,1.621,0.423,241.65,18.56,481.68,15.52,0.25,18.4,231.8,799.4,10.34,36.42,13,2358.62
TAMIL NADU,CHENGALPATTU,1.05,2.938,1.621,0.423,241.65,18.56,481.68,15.52,0.25,18.4,231.8,799.4,10.34,36.42,13,2358.62
TAMIL NADU,CHENNAI,1.05,2.938,1.621,0.423,241.65,18.56,481.68,15.52,0.25,18.4,231.8,799.4,10.34,36.42,13,2358.62
TAMIL NADU,COIMBATORE,1.05,2.938,1.621,0.423,241.65,18.56,481.68,15.52,0.25,18.4,231.8,799.4,10.34,36.42,13,2358.62
TAMIL NADU,CUDDALORE,1.05,2.938,1.621,0.423,241.65,18.56,481.68,15.52,0.25,18.4,231.8,799.4,10.34,36.42,13,2358.62
TAMIL NADU,DHARAMPURI,1.05,2.938,1.621,0.423,241.65,18.56,481.68,15.52,0.25,18.4,231.8,799.4,10.34,36.42,13,2358.62
TAMIL NADU,DINDIGUL,1.05,2.938,1.621,0.423,241.65,18.56,481.68,15.52,0.25,18.4,231.8,799.4,10.34,36.42,13,2358.62
TAMIL NADU,ERODE,1.05,2.938,1.621,0.423,241.65,18.56,481.68,15.52,0.25,18.4,231.8,799.4,10.34,36.42,13,2358.62
TAMIL NADU,KALLAKURICHI,1.05,2.938,1.621,0.423,241.65,18.56,481.68,15.52,0.25,18.4,231.8,799.4,10.34,36.42,13,2358.62
TAMIL NADU,KANCHIPURAM,1.05,2.938,1.621,0.423,241.65,18.56,481.68,15.52,0.25,18.4,231.8,799.4,10.34,36.42,13,2358.62
TAMIL NADU,KANYAKUMARI,1.05,2.938,1.621,0.423,241.65,18.56,481.68,15.52,0.25,18.4,231.8,799.4,10.34,36.42,13,2358.62
TAMIL NADU,KARUR,1.05,2.938,1.621,0.423,241.65,18.56,481.68,15.52,0.25,18.4,231.8,799.4,10.34,36.42,13,2358.62
TAMIL NADU,KRISHNAGIRI,1.05,2.938,1.621,0.423,241.65,18.56,481.68,15.52,0.25,18.4,231.8,799.4,10.34,36.42,13,2358.62
TAMIL NADU,MADURAI,1.05,2.938,1.621,0.423,241.65,18.56,481.68,15.52,0.25,18.4,231.8,799.4,10.34,36.42,13,2358.62
TAMIL NADU,NAGAPATTINAM,1.05,2.938,1.621,0.423,241.65,18.56,481.68,15.52,0.25,18.4,231.8,799.4,10.34,36.42,13,2358.62
TAMIL NADU,NAMAKKAL,1.05,2.938,1.621,0.423,241.65,18.56,481.68,15.52,0.25,18.4,231.8,799.4,10.34,36.42,13,2358.62
TAMIL NADU,NILGIRI,1.05,2.938,1.621,0.423,241.65,18.56,481.68,15.52,0.25,18.4,231.8,799.4,10.34,36.42,13,2358.62
TAMIL NADU,PERAMBALUR,1.05,2.938,1.621,0.423,241.65,18.56,481.68,15.52,0.25,18.4,231.8,799.4,10.34,36.42,13,2358.62
TAMIL NADU,PUDUKKOTTAI,1.05,2.938,1.621,0.423,241.65,18.56,481.68,15.52,0.25,18.4,231.8,799.4,10.34,36.42,13,2358.62
TAMIL NADU,RAMANATHAPURAM,1.05,2.938,1.621,0.423,241.65,18.56,481.68,15.52,0.25,18.4,231.8,799.4,10.34,36.42,13,2358.62
TAMIL NADU,RANIPET,1.05,2.938,1.621,0.423,241.65,18.56,481.68,15.52,0.25,18.4,231.8,799.4,10.34,36.42,13,2358.62
TAMIL NADU,SALEM,1.05,2.938,1.621,0.423,241.65,18.56,481.68,15.52,0.25,18.4,231.8,799.4,10.34,36.42,13,2358.62
TAMIL NADU,SIVAGANGA,1.05,2.938,1.621,0.423,241.65,18.56,481.68,15.52,0.25,18.4,231.8,799.4,10.34,36.42,13,2358.62
TAMIL NADU,TENI,1.05,2.938,1.621,0.423,241.65,18.56,481.68,15.52,0.25,18.4,231.8,799.4,10.34,36.42,13,2358.62
TAMIL NADU,TENKASI,1.05,2.938,1.621,0.423,241.65,18.56,481.68,15.52,0.25,18.4,231.8,799.4,10.34,36.42,13,2358.62
TAMIL NADU,THANJAVUR,1.05,2.938,1.621,0.423,241.65,18.56,481.68,15.52,0.25,18.4,231.8,799.4,10.34,36.42,13,2358.62
TAMIL NADU,THIRUVARUR,1.05,2.938,1.621,0.423,241.65,18.56,481.68,15.52,0.25,18.4,231.8,799.4,10.34,36.42,13,2358.62
TAMIL NADU,TIRUCHIRAPPALLI,1.05,2.938,1.621,0.423,241.65,18.56,481.68,15.52,0.25,18.4,231.8,799.4,10.34,36.42,13,2358.62
TAMIL NADU,TIRUNELVELI,1.05,2.938,1.621,0.423,241.65,18.56,481.68,15.52,0.25,18.4,231.8,799.4,10.34,36.42,13,2358.62
TAMIL NADU,TIRUPATTUR,1.05,2.938,1.621,0.423,241.65,18.56,481.68,15.52,0.25,18.4,231.8,799.4,10.34,36.42,13,2358.62
TAMIL NADU,TIRUPPUR,1.05,2.938,1.621,0.423,241.65,18.56,481.68,15.52,0.25,18.4,231.8,799.4,10.34,36.42,13,2358.62
TAMIL NADU,TIRUVALLUR,1.05,2.938,1.621,0.423,241.65,18.56,481.68,15.52,0.25,18.4,231.8,799.4,10.34,36.42,13,2358.62
TAMIL NADU,TIRUVANNAMALAI,1.05,2.938,1.621,0.423,241.65,18.56,481.68,15.52,0.25,18.4,231.8,799.4,10.34,36.42,13,2358.62
TAMIL NADU,TUTICORIN,1.05,2.938,1.621,0.423,241.65,18.56,481.68,15.52,0.25,18.4,231.8,799.4,10.34,36.42,13,2358.62
TAMIL NADU,VELLORE,1.05,2.938,1.621,0.423,241.65,18.56,481.68,15.52,0.25,18.4,231.8,799.4,10.34,36.42,13,2358.62
TAMIL NADU,VILLUPURAM,1.05,2.938,1.621,0.423,241.65,18.56,481.68,15.52,0.25,18.4,231.8,799.4,10.34,36.42,13,2358.62
TAMIL NADU,VIRUDHUNAGAR,1.05,2.938,1.621,0.423,241.65,18.56,481.68,15.52,0.25,18.4,231.8,799.4,10.34,36.42,13,2358.62
TAMILNADU,MAYILADUTHURAI,1.05,3.072,1.045,0.298,249.72,12.85,539.0,9.45,0.21,21.1,260.1,514.5,5.39,16.16,97,5578.2
TELANGANA,ADILABAD,1.05,3.072,1.045,0.298,249.72,12.85,539.0,9.45,0.21,21.1,260.1,514.5,5.39,16.16,97,5578.2
TELANGANA,B. KOTHAGUDEM,1.05,3.072,1.045,0.298,249.72,12.85,539.0,9.45,0.21,21.1,260.1,514.5,5.39,16.16,97,5578.2
TELANGANA,HANUMAKONDA,1.05,3.072,1.045,0.298,249.72,12.85,539.0,9.45,0.21,21.1,260.1,514.5,5.39,16.16,97,5578.2
TELANGANA,HYDERABAD,1.05,3.072,1.045,0.298,249.72,12.85,539.0,9.45,0.21,21.1,260.1,514.5,5.39,16.16,97,5578.2
TELANGANA,J. BHUPALPALLY,1.05,3.072,1.045,0.298,249.72,12.85,539.0,9.45,0.21,21.1,260.1,514.5,5.39,16.16,97,5578.2
TELANGANA,JAGTIAL,1.05,3.072,1.045,0.298,249.72,12.85,539.0,9.45,0.21,21.1,260.1,514.5,5.39,16.16,97,5578.2
TELANGANA,JANGAON,1.05,3.072,1.045,0.298,249.72,12.85,539.0,9.45,0.21,21.1,260.1,514.5,5.39,16.16,97,5578.2
TELANGANA,JOGULAMBA GADWAL,1.05,3.072,1.045,0.298,249.72,12.85,539.0,9.45,0.21,21.1,260.1,514.5,5.39,16.16,97,5578.2
TELANGANA,KAMAREDDY,1.05,3.072,1.045,0.298,249.72,12.85,539.0,9.45,0.21,21.1,260.1,514.5,5.39,16.16,97,5578.2
TELANGANA,KARIMNAGAR,1.05,3.072,1.045,0.298,249.72,12.85,539.0,9.45,0.21,21.1,260.1,514.5,5.39,16.16,97,5578.2
TELANGANA,KHAMMAM,1.05,3.072,1.045,0.298,249.72,12.85,539.0,9.45,0.21,21.1,260.1,514.5,5.39,16.16,97,5578.2
TELANGANA,KUMARAM BHEEM,1.05,3.072,1.045,0.298,249.72,12.85,539.0,9.45,0.21,21.1,260.1,514.5,5.39,16.16,97,5578.2
TELANGANA,M. MALKAJGIRI,1.05,3.072,1.045,0.298,249.72,12.85,539.0,9.45,0.21,21.1,260.1,514.5,5.39,16.16,97,5578.2
TELANGANA,MAHABUBABAD,1.05,3.072,1.045,0.298,249.72,12.85,539.0,9.45,0.21,21.1,260.1,514.5,5.39,16.16,97,5578.2
TELANGANA,MAHABUBNAGAR,1.05,3.072,1.045,0.298,249.72,12.85,539.0,9.45,0.21,21.1,260.1,514.5,5.39,16.16,97,5578.2
TELANGANA,MANCHERIAL,1.05,3.072,1.045,0.298,249.72,12.85,539.0,9.45,0.21,21.1,260.1,514.5,5.39,16.16,97,5578.2
TELANGANA,MEDAK,1.05,3.072,1.045,0.298,249.72,12.85,539.0,9.45,0.21,21.1,260.1,514.5,5.39,16.16,97,5578.2
TELANGANA,MULUGU,1.05,3.072,1.045,0.298,249.72,12.85,539.0,9.45,0.21,21.1,260.1,514.5,5.39,16.16,97,5578.2
TELANGANA,NAGARKURNOOL,1.05,3.072,1.045,0.298,249.72,12.85,539.0,9.45,0.21,21.1,260.1,514.5,5.39,16.16,97,5578.2
TELANGANA,NALGONDA,1.05,3.072,1.045,0.298,249.72,12.85,539.0,9.45,0.21,21.1,260.1,514.5,5.39,16.16,97,5578.2
TELANGANA,NARAYANPET,1.05,3.072,1.045,0.298,249.72,12.85,539.0,9.45,0.21,21.1,260.1,514.5,5.39,16.16,97,5578.2
TELANGANA,NIRMAL,1.05,3.072,1.045,0.298,249.72,12.85,539.0,9.45,0.21,21.1,260.1,514.5,5.39,16.16,97,5578.2
TELANGANA,NIZAMABAD,1.05,3.072,1.045,0.298,249.72,12.85,539.0,9.45,0.21,21.1,260.1,514.5,5.39,16.16,97,5578.2
TELANGANA,PEDDAPALLE,1.05,3.072,1.045,0.298,249.72,12.85,539.0,9.45,0.21,21.1,260.1,514.5,5.39,16.16,97,5578.2
TELANGANA,RAJANNA SIRCILLA,1.05,3.072,1.045,0.298,249.72,12.85,539.0,9.45,0.21,21.1,260.1,514.5,5.39,16.16,97,5578.2
TELANGANA,RANGAREDDY,1.05,3.072,1.045,0.298,249.72,12.85,539.0,9.45,0.21,21.1,260.1,514.5,5.39,16.16,97,5578.2
TELANGANA,SANGAREDDY,1.05,3.072,1.045,0.298,249.72,12.85,539.0,9.45,0.21,21.1,260.1,514.5,5.39,16.16,97,5578.2
TELANGANA,SIDDIPET,1.05,3.072,1.045,0.298,249.72,12.85,539.0,9.45,0.21,21.1,260.1,514.5,5.39,16.16,97,5578.2
TELANGANA,SURYAPET,1.05,3.072,1.045,0.298,249.72,12.85,539.0,9.45,0.21,21.1,260.1,514.5,5.39,16.16,97,5578.2
TELANGANA,VIKARABAD,1.05,3.072,1.045,0.298,249.72,12.85,539.0,9.45,0.21,21.1,260.1,514.5,5.39,16.16,97,5578.2
TELANGANA,WANAPARTHY,1.05,3.072,1.045,0.298,249.72,12.85,539.0,9.45,0.21,21.1,260.1,514.5,5.39,16.16,97,5578.2
TELANGANA,WARANGAL,1.05,3.072,1.045,0.298,249.72,12.85,539.0,9.45,0.21,21.1,260.1,514.5,5.39,16.16,97,5578.2
TELANGANA,Y. BHUVANAGIRI,1.05,3.072,1.045,0.298,249.72,12.85,539.0,9.45,0.21,21.1,260.1,514.5,5.39,16.16,97,5578.2
TRIPURA,DHALAI,1.05,3.417,0.913,0.259,229.67,16.0,479.19,13.92,0.25,19.5,247.5,459.1,17.04,46.59,2,1325.09
TRIPURA,GOMATI,1.05,3.417,0.913,0.259,229.67,16.0,479.19,13.92,0.25,19.5,247.5,459.1,17.04,46.59,2,1325.09
TRIPURA,KHOWAI,1.05,3.417,0.913,0.259,229.67,16.0,479.19,13.92,0.25,19.5,247.5,459.1,17.04,46.59,2,1325.09
TRIPURA,NORTH TRIPURA,1.05,3.417,0.913,0.259,229.67,16.0,479.19,13.92,0.25,19.5,247.5,459.1,17.04,46.59,2,1325.09
TRIPURA,SIPAHIJALA,1.05,3.417,0.913,0.259,229.67,16.0,479.19,13.92,0.25,19.5,247.5,459.1,17.04,46.59,2,1325.09
TRIPURA,SOUTH TRIPURA,1.05,3.417,0.913,0.259,229.67,16.0,479.19,13.92,0.25,19.5,247.5,459.1,17.04,46.59,2,1325.09
TRIPURA,UNAKOTI,1.05,3.417,0.913,0.259,229.67,16.0,479.19,13.92,0.25,19.5,247.5,459.1,17.04,46.59,2,1325.09
TRIPURA,WEST TRIPURA,1.05,3.417,0.913,0.259,229.67,16.0,479.19,13.92,0.25,19.5,247.5,459.1,17.04,46.59,2,1325.09
UTTAR PRADESH,AGRA,1.05,3.49,1.125,0.323,250.56,14.18,512.93,9.73,0.22,20.9,253.9,412.2,6.19,34.81,34,1896.53
UTTAR PRADESH,ALIGARH,1.05,3.49,1.125,0.323,250.56,14.18,512.93,9.73,0.22,20.9,253.9,412.2,6.19,34.81,34,1896.53
UTTAR PRADESH,AMBEDKARNAGAR,1.05,3.49,1.125,0.323,250.56,14.18,512.93,9.73,0.22,20.9,253.9,412.2,6.19,34.81,34,1896.53
UTTAR PRADESH,AMETHI,1.05,3.49,1.125,0.323,250.56,14.18,512.93,9.73,0.22,20.9,253.9,412.2,6.19,34.81,34,1896.53
UTTAR PRADESH,AMROHA,1.05,3.49,1.125,0.323,250.56,14.18,512.93,9.73,0.22,20.9,253.9,412.2,6.19,34.81,34,1896.53
UTTAR PRADESH,AURAIYA,1.05,3.49,1.125,0.323,250.56,14.18,512.93,9.73,0.22,20.9,253.9,412.2,6.19,34.81,34,1896.53
UTTAR PRADESH,AYODHYA,1.05,3.49,1.125,0.323,250.56,14.18,512.93,9.73,0.22,20.9,253.9,412.2,6.19,34.81,34,1896.53
UTTAR PRADESH,AZAMGARH,1.05,3.49,1.125,0.323,250.56,14.18,512.93,9.73,0.22,20.9,253.9,412.2,6.19,34.81,34,1896.53
UTTAR PRADESH,BADAUN,1.05,3.49,1.125,0.323,250.56,14.18,512.93,9.73,0.22,20.9,253.9,412.2,6.19,34.81,34,1896.53
UTTAR PRADESH,BAGHPAT,1.05,3.49,1.125,0.323,250.56,14.18,512.93,9.73,0.22,20.9,253.9,412.2,6.19,34.81,34,1896.53
UTTAR PRADESH,BAHRAICH,1.05,3.49,1.125,0.323,250.56,14.18,512.93,9.73,0.22,20.9,253.9,412.2,6.19,34.81,34,1896.53
UTTAR PRADESH,BALARAMPUR,1.05,3.49,1.125,0.323,250.56,14.18,512.93,9.73,0.22,20.9,253.9,412.2,6.19,34.81,34,1896.53
UTTAR PRADESH,BALLIA,1.05,3.49,1.125,0.323,250.56,14.18,512.93,9.73,0.22,20.9,253.9,412.2,6.19,34.81,34,1896.53
UTTAR PRADESH,BANDA,1.05,3.49,1.125,0.323,250.56,14.18,512.93,9.73,0.22,20.9,253.9,412.2,6.19,34.81,34,1896.53
UTTAR PRADESH,BARABANKI,1.05,3.49,1.125,0.323,250.56,14.18,512.93,9.73,0.22,20.9,253.9,412.2,6.19,34.81,34,1896.53
UTTAR PRADESH,BAREILLY,1.05,3.49,1.125,0.323,250.56,14.18,512.93,9.73,0.22,20.9,253.9,412.2,6.19,34.81,34,1896.53
UTTAR PRADESH,BASTI,1.05,3.49,1.125,0.323,250.56,14.18,512.93,9.73,0.22,20.9,253.9,412.2,6.19,34.81,34,1896.53
UTTAR PRADESH,BHADOHI,1.05,3.49,1.125,0.323,250.56,14.18,512.93,9.73,0.22,20.9,253.9,412.2,6.19,34.81,34,1896.53
UTTAR PRADESH,BIJNOR,1.05,3.49,1.125,0.323,250.56,14.18,512.93,9.73,0.22,20.9,253.9,412.2,6.19,34.81,34,1896.53
UTTAR PRADESH,BULANDSAHAR,1.05,3.49,1.125,0.323,250.56,14.18,512.93,9.73,0.22,20.9,253.9,412.2,6.19,34.81,34,1896.53
UTTAR PRADESH,CHANDAULI,1.05,3.49,1.125,0.323,250.56,14.18,512.93,9.73,0.22,20.9,253.9,412.2,6.19,34.81,34,1896.53
UTTAR PRADESH,CHITRAKOOT,1.05,3.49,1.125,0.323,250.56,14.18,512.93,9.73,0.22,20.9,253.9,412.2,6.19,34.81,34,1896.53
UTTAR PRADESH,DEORIA,1.05,3.49,1.125,0.323,250.56,14.18,512.93,9.73,0.22,20.9,253.9,412.2,6.19,34.81,34,1896.53
UTTAR PRADESH,ETAH,1.05,3.49,1.125,0.323,250.56,14.18,512.93,9.73,0.22,20.9,253.9,412.2,6.19,34.81,34,1896.53
UTTAR PRADESH,ETAWAH,1.05,3.49,1.125,0.323,250.56,14.18,512.93,9.73,0.22,20.9,253.9,412.2,6.19,34.81,34,1896.53
UTTAR PRADESH,FARRUKHABAD,1.05,3.49,1.125,0.323,250.56,14.18,512.93,9.73,0.22,20.9,253.9,412.2,6.19,34.81,34,1896.53
UTTAR PRADESH,FATEHPUR,1.05,3.49,1.125,0.323,250.56,14.18,512.93,9.73,0.22,20.9,253.9,412.2,6.19,34.81,34,1896.53
UTTAR PRADESH,FIROZABAD,1.05,3.49,1.125,0.323,250.56,14.18,512.93,9.73,0.22,20.9,253.9,412.2,6.19,34.81,34,1896.53
UTTAR PRADESH,GAUTAMBUDHNAGAR,1.05,3.49,1.125,0.323,250.56,14.18,512.93,9.73,0.22,20.9,253.9,412.2,6.19,34.81,34,1896.53
UTTAR PRADESH,GAZIPUR,1.05,3.49,1.125,0.323,250.56,14.18,512.93,9.73,0.22,20.9,253.9,412.2,6.19,34.81,34,1896.53
UTTAR PRADESH,GHAZIABAD,1.05,3.49,1.125,0.323,250.56,14.18,512.93,9.73,0.22,20.9,253.9,412.2,6.19,34.81,34,1896.53
UTTAR PRADESH,GONDA,1.05,3.49,1.125,0.323,250.56,14.18,512.93,9.73,0.22,20.9,253.9,412.2,6.19,34.81,34,1896.53
UTTAR PRADESH,GORAKHPUR,1.05,3.49,1.125,0.323,250.56,14.18,512.93,9.73,0.22,20.9,253.9,412.2,6.19,34.81,34,1896.53
UTTAR PRADESH,HAMIRPUR,1.05,3.49,1.125,0.323,250.56,14.18,512.93,9.73,0.22,20.9,253.9,412.2,6.19,34.81,34,1896.53
UTTAR PRADESH,HAPUR,1.05,3.49,1.125,0.323,250.56,14.18,512.93,9.73,0.22,20.9,253.9,412.2,6.19,34.81,34,1896.53
UTTAR PRADESH,HARDOI,1.05,3.49,1.125,0.323,250.56,14.18,512.93,9.73,0.22,20.9,253.9,412.2,6.19,34.81,34,1896.53
UTTAR PRADESH,HATHRAS,1.05,3.49,1.125,0.323,250.56,14.18,512.93,9.73,0.22,20.9,253.9,412.2,6.19,34.81,34,1896.53
UTTAR PRADESH,JALAUN,1.05,3.49,1.125,0.323,250.56,14.18,512.93,9.73,0.22,20.9,253.9,412.2,6.19,34.81,34,1896.53
UTTAR PRADESH,JAUNPUR,1.05,3.49,1.125,0.323,250.56,14.18,512.93,9.73,0.22,20.9,253.9,412.2,6.19,34.81,34,1896.53
UTTAR PRADESH,JHANSI,1.05,3.49,1.125,0.323,250.56,14.18,512.93,9.73,0.22,20.9,253.9,412.2,6.19,34.81,34,1896.53
UTTAR PRADESH,KANNAUJ,1.05,3.49,1.125,0.323,250.56,14.18,512.93,9.73,0.22,20.9,253.9,412.2,6.19,34.81,34,1896.53
UTTAR PRADESH,KANPUR,1.05,3.49,1.125,0.323,250.56,14.18,512.93,9.73,0.22,20.9,253.9,412.2,6.19,34.81,34,1896.53
UTTAR PRADESH,KANPUR DEHAT,1.05,3.49,1.125,0.323,250.56,14.18,512.93,9.73,0.22,20.9,253.9,412.2,6.19,34.81,34,1896.53
UTTAR PRADESH,KASGANJ,1.05,3.49,1.125,0.323,250.56,14.18,512.93,9.73,0.22,20.9,253.9,412.2,6.19,34.81,34,1896.53
UTTAR PRADESH,KAUSHAMBI,1.05,3.49,1.125,0.323,250.56,14.18,512.93,9.73,0.22,20.9,253.9,412.2,6.19,34.81,34,1896.53
UTTAR PRADESH,KHERI,1.05,3.49,1.125,0.323,250.56,14.18,512.93,9.73,0.22,20.9,253.9,412.2,6.19,34.81,34,1896.53
UTTAR PRADESH,KUSHINAGAR,1.05,3.49,1.125,0.323,250.56,14.18,512.93,9.73,0.22,20.9,253.9,412.2,6.19,34.81,34,1896.53
UTTAR PRADESH,LALITPUR,1.05,3.49,1.125,0.323,250.56,14.18,512.93,9.73,0.22,20.9,253.9,412.2,6.19,34.81,34,1896.53
UTTAR PRADESH,LUCKNOW,1.05,3.49,1.125,0.323,250.56,14.18,512.93,9.73,0.22,20.9,253.9,412.2,6.19,34.81,34,1896.53
UTTAR PRADESH,MAHARAJGANJ,1.05,3.49,1.125,0.323,250.56,14.18,512.93,9.73,0.22,20.9,253.9,412.2,6.19,34.81,34,1896.53
UTTAR PRADESH,MAHOBA,1.05,3.49,1.125,0.323,250.56,14.18,512.93,9.73,0.22,20.9,253.9,412.2,6.19,34.81,34,1896.53
UTTAR PRADESH,MAINPURI,1.05,3.49,1.125,0.323,250.56,14.18,512.93,9.73,0.22,20.9,253.9,412.2,6.19,34.81,34,1896.53
UTTAR PRADESH,MATHURA,1.05,3.49,1.125,0.323,250.56,14.18,512.93,9.73,0.22,20.9,253.9,412.2,6.19,34.81,34,1896.53
UTTAR PRADESH,MAU,1.05,3.49,1.125,0.323,250.56,14.18,512.93,9.73,0.22,20.9,253.9,412.2,6.19,34.81,34,1896.53
UTTAR PRADESH,MEERUT,1.05,3.49,1.125,0.323,250.56,14.18,512.93,9.73,0.22,20.9,253.9,412.2,6.19,34.81,34,1896.53
UTTAR PRADESH,MIRZAPUR,1.05,3.49,1.125,0.323,250.56,14.18,512.93,9.73,0.22,20.9,253.9,412.2,6.19,34.81,34,1896.53
UTTAR PRADESH,MORADABAD,1.05,3.49,1.125,0.323,250.56,14.18,512.93,9.73,0.22,20.9,253.9,412.2,6.19,34.81,34,1896.53
UTTAR PRADESH,MUZAFARNAGAR,1.05,3.49,1.125,0.323,250.56,14.18,512.93,9.73,0.22,20.9,253.9,412.2,6.19,34.81,34,1896.53
UTTAR PRADESH,PILHIBHIT,1.05,3.49,1.125,0.323,250.56,14.18,512.93,9.73,0.22,20.9,253.9,412.2,6.19,34.81,34,1896.53
UTTAR PRADESH,PRATAPGARH,1.05,3.49,1.125,0.323,250.56,14.18,512.93,9.73,0.22,20.9,253.9,412.2,6.19,34.81,34,1896.53
UTTAR PRADESH,PRAYAGRAJ,1.05,3.49,1.125,0.323,250.56,14.18,512.93,9.73,0.22,20.9,253.9,412.2,6.19,34.81,34,1896.53
UTTAR PRADESH,RAIBEARELI,1.05,3.49,1.125,0.323,250.56,14.18,512.93,9.73,0.22,20.9,253.9,412.2,6.19,34.81,34,1896.53
UTTAR PRADESH,RAMPUR,1.05,3.49,1.125,0.323,250.56,14.18,512.93,9.73,0.22,20.9,253.9,412.2,6.19,34.81,34,1896.53
UTTAR PRADESH,SAMBHAL,1.05,3.49,1.125,0.323,250.56,14.18,512.93,9.73,0.22,20.9,253.9,412.2,6.19,34.81,34,1896.53
UTTAR PRADESH,SANTKABIRNAGAR,1.05,3.49,1.125,0.323,250.56,14.18,512.93,9.73,0.22,20.9,253.9,412.2,6.19,34.81,34,1896.53
UTTAR PRADESH,SHAHJAHANPUR,1.05,3.49,1.125,0.323,250.56,14.18,512.93,9.73,0.22,20.9,253.9,412.2,6.19,34.81,34,1896.53
UTTAR PRADESH,SHAMLI,1.05,3.49,1.125,0.323,250.56,14.18,512.93,9.73,0.22,20.9,253.9,412.2,6.19,34.81,34,1896.53
UTTAR PRADESH,SHARANPUR,1.05,3.49,1.125,0.323,250.56,14.18,512.93,9.73,0.22,20.9,253.9,412.2,6.19,34.81,34,1896.53
UTTAR PRADESH,SHRAWASTI,1.05,3.49,1.125,0.323,250.56,14.18,512.93,9.73,0.22,20.9,253.9,412.2,6.19,34.81,34,1896.53
UTTAR PRADESH,SIDDHARTHNAGAR,1.05,3.49,1.125,0.323,250.56,14.18,512.93,9.73,0.22,20.9,253.9,412.2,6.19,34.81,34,1896.53
UTTAR PRADESH,SITAPUR,1.05,3.49,1.125,0.323,250.56,14.18,512.93,9.73,0.22,20.9,253.9,412.2,6.19,34.81,34,1896.53
UTTAR PRADESH,SONBHADRA,1.05,3.49,1.125,0.323,250.56,14.18,512.93,9.73,0.22,20.9,253.9,412.2,6.19,34.81,34,1896.53
UTTAR PRADESH,SULTANPUR,1.05,3.49,1.125,0.323,250.56,14.18,512.93,9.73,0.22,20.9,253.9,412.2,6.19,34.81,34,1896.53
UTTAR PRADESH,UNNAO,1.05,3.49,1.125,0.323,250.56,14.18,512.93,9.73,0.22,20.9,253.9,412.2,6.19,34.81,34,1896.53
UTTAR PRADESH,VARANASI,1.05,3.49,1.125,0.323,250.56,14.18,512.93,9.73,0.22,20.9,253.9,412.2,6.19,34.81,34,1896.53
UTTARAKHAND,ALMORA,1.05,3.039,1.206,0.4,264.9,12.71,543.64,7.35,0.2,21.9,274.8,529.3,6.6,20.72,9,5644.67
UTTARAKHAND,BAGESHWAR,1.05,3.039,1.206,0.4,264.9,12.71,543.64,7.35,0.2,21.9,274.8,529.3,6.6,20.72,9,5644.67
UTTARAKHAND,CHAMOLI,1.05,3.039,1.206,0.4,264.9,12.71,543.64,7.35,0.2,21.9,274.8,529.3,6.6,20.72,9,5644.67
UTTARAKHAND,CHAMPAWAT,1.05,3.039,1.206,0.4,264.9,12.71,543.64,7.35,0.2,21.9,274.8,529.3,6.6,20.72,9,5644.67
UTTARAKHAND,DEHRADUN,1.05,3.039,1.206,0.4,264.9,12.71,543.64,7.35,0.2,21.9,274.8,529.3,6.6,20.72,9,5644.67
UTTARAKHAND,HARIDWAR,1.05,3.039,1.206,0.4,264.9,12.71,543.64,7.35,0.2,21.9,274.8,529.3,6.6,20.72,9,5644.67
UTTARAKHAND,NANITAL,1.05,3.039,1.206,0.4,264.9,12.71,543.64,7.35,0.2,21.9,274.8,529.3,6.6,20.72,9,5644.67
UTTARAKHAND,PAURI GARHWAL,1.05,3.039,1.206,0.4,264.9,12.71,543.64,7.35,0.2,21.9,274.8,529.3,6.6,20.72,9,5644.67
UTTARAKHAND,PITHORAGARH,1.05,3.039,1.206,0.4,264.9,12.71,543.64,7.35,0.2,21.9,274.8,529.3,6.6,20.72,9,5644.67
UTTARAKHAND,RUDRAPRAYAG,1.05,3.039,1.206,0.4,264.9,12.71,543.64,7.35,0.2,21.9,274.8,529.3,6.6,20.72,9,5644.67
UTTARAKHAND,TEHRI GARWAL,1.05,3.039,1.206,0.4,264.9,12.71,543.64,7.35,0.2,21.9,274.8,529.3,6.6,20.72,9,5644.67
UTTARAKHAND,UDHAM SINGH NAGAR,1.05,3.039,1.206,0.4,264.9,12.71,543.64,7.35,0.2,21.9,274.8,529.3,6.6,20.72,9,5644.67
UTTARAKHAND,UTTARKASHI,1.05,3.039,1.206,0.4,264.9,12.71,543.64,7.35,0.2,21.9,274.8,529.3,6.6,20.72,9,5644.67
WEST BENGAL,ALIPURDUAR,1.05,3.966,2.025,0.503,265.6,16.63,544.53,11.67,0.25,18.8,232.3,296.7,7.67,41.02,6,4082.26
WEST BENGAL,BANKURA,1.05,3.966,2.025,0.503,265.6,16.63,544.53,11.67,0.25,18.8,232.3,296.7,7.67,41.02,6,4082.26
WEST BENGAL,BIRBHUM,1.05,3.966,2.025,0.503,265.6,16.63,544.53,11.67,0.25,18.8,232.3,296.7,7.67,41.02,6,4082.26
WEST BENGAL,DAKSHIN DINAJPUR,1.05,3.966,2.025,0.503,265.6,16.63,544.53,11.67,0.25,18.8,232.3,296.7,7.67,41.02,6,4082.26
WEST BENGAL,DARJEELING,1.05,3.966,2.025,0.503,265.6,16.63,544.53,11.67,0.25,18.8,232.3,296.7,7.67,41.02,6,4082.26
WEST BENGAL,EASTMEDNIPUR,1.05,3.966,2.025,0.503,265.6,16.63,544.53,11.67,0.25,18.8,232.3,296.7,7.67,41.02,6,4082.26
WEST BENGAL,HAORA,1.05,3.966,2.025,0.503,265.6,16.63,544.53,11.67,0.25,18.8,232.3,296.7,7.67,41.02,6,4082.26
WEST BENGAL,HUGLI,1.05,3.966,2.025,0.503,265.6,16.63,544.53,11.67,0.25,18.8,232.3,296.7,7.67,41.02,6,4082.26
WEST BENGAL,JALPAIGURI,1.05,3.966,2.025,0.503,265.6,16.63,544.53,11.67,0.25,18.8,232.3,296.7,7.67,41.02,6,4082.26
WEST BENGAL,JHARGRAM,1.05,3.966,2.025,0.503,265.6,16.63,544.53,11.67,0.25,18.8,232.3,296.7,7.67,41.02,6,4082.26
WEST BENGAL,KALIMPONG,1.05,3.966,2.025,0.503,265.6,16.63,544.53,11.67,0.25,18.8,232.3,296.7,7.67,41.02,6,4082.26
WEST BENGAL,KOLKATA,1.05,3.966,2.025,0.503,265.6,16.63,544.53,11.67,0.25,18.8,232.3,296.7,7.67,41.02,6,4082.26
WEST BENGAL,MALDA,1.05,3.966,2.025,0.503,265.6,16.63,544.53,11.67,0.25,18.8,232.3,296.7,7.67,41.02,6,4082.26
WEST BENGAL,MURSIDABAD,1.05,3.966,2.025,0.503,265.6,16.63,544.53,11.67,0.25,18.8,232.3,296.7,7.67,41.02,6,4082.26
WEST BENGAL,NADIA,1.05,3.966,2.025,0.503,265.6,16.63,544.53,11.67,0.25,18.8,232.3,296.7,7.67,41.02,6,4082.26
WEST BENGAL,NORTH 24 PRAGANA,1.05,3.966,2.025,0.503,265.6,16.63,544.53,11.67,0.25,18.8,232.3,296.7,7.67,41.02,6,4082.26
WEST BENGAL,PASHCHIM MEDINIPUR,1.05,3.966,2.025,0.503,265.6,16.63,544.53,11.67,0.25,18.8,232.3,296.7,7.67,41.02,6,4082.26
WEST BENGAL,PURULIYA,1.05,3.966,2.025,0.503,265.6,16.63,544.53,11.67,0.25,18.8,232.3,296.7,7.67,41.02,6,4082.26
WEST BENGAL,SOUTH 24 PARGANAS,1.05,3.966,2.025,0.503,265.6,16.63,544.53,11.67,0.25,18.8,232.3,296.7,7.67,41.02,6,4082.26
WEST BENGAL,UTTAR_DINAJPUR,1.05,3.966,2.025,0.503,265.6,16.63,544.53,11.67,0.25,18.8,232.3,296.7,7.67,41.02,6,4082.26
