state,district,gdis_historical_disaster_count,gdis_flood_event_count,gdis_storm_event_count,gdis_drought_event_count,gdis_extreme_temp_event_count,gdis_earthquake_event_count,gdis_landslide_event_count,gdis_unique_disaster_types_count,gdis_year_first_record,gdis_year_last_record,gdis_recent_10yr_event_count,gdis_disaster_frequency_per_decade
ANDAMAN & NICOBAR,NICOBAR,0,0,0,0,0,0,0,0,1960,2018,0,0.0
ANDAMAN & NICOBAR,NORTH & MIDDLE ANDAMAN,0,0,0,0,0,0,0,0,1960,2018,0,0.0
ANDAMAN & NICOBAR,SOUTH ANDAMAN,1,0,1,0,0,0,0,1,1976,1976,0,0.17
ANDHRA PRADESH,ANAKAPALLI,161,62,68,5,18,7,1,6,1964,2018,48,27.29
ANDHRA PRADESH,ANANTAPURAMU,161,62,68,5,18,7,1,6,1964,2018,48,27.29
ANDHRA PRADESH,ANNAMAYYA DISTRICT,161,62,68,5,18,7,1,6,1964,2018,48,27.29
ANDHRA PRADESH,BAPATLA,161,62,68,5,18,7,1,6,1964,2018,48,27.29
ANDHRA PRADESH,CHITTOOR,4,2,2,0,0,0,0,2,1984,2017,2,0.68
ANDHRA PRADESH,DR B R AMBEDKAR KONASEEMA,161,62,68,5,18,7,1,6,1964,2018,48,27.29
ANDHRA PRADESH,EAST GODAVARI,6,2,2,0,1,1,0,4,1996,2013,2,1.02
ANDHRA PRADESH,ELURU,161,62,68,5,18,7,1,6,1964,2018,48,27.29
ANDHRA PRADESH,GUNTUR,14,4,7,0,2,1,0,4,1969,2013,5,2.37
ANDHRA PRADESH,KAKINADA,161,62,68,5,18,7,1,6,1964,2018,48,27.29
ANDHRA PRADESH,KRISHNA,14,5,7,0,1,1,0,4,1969,2013,4,2.37
ANDHRA PRADESH,KURNOOL,4,4,0,0,0,0,0,1,2000,2009,1,0.68
ANDHRA PRADESH,NANDYAL,161,62,68,5,18,7,1,6,1964,2018,48,27.29
ANDHRA PRADESH,NTR DISTRICT,161,62,68,5,18,7,1,6,1964,2018,48,27.29
ANDHRA PRADESH,PALNADU,161,62,68,5,18,7,1,6,1964,2018,48,27.29
ANDHRA PRADESH,PARVATHIPURAM MANYAM,161,62,68,5,18,7,1,6,1964,2018,48,27.29
ANDHRA PRADESH,PRAKASAM,9,4,3,0,1,1,0,4,1977,2015,3,1.53
ANDHRA PRADESH,SPSR NELLORE,161,62,68,5,18,7,1,6,1964,2018,48,27.29
ANDHRA PRADESH,SRI ALLURI SITHARAMARAJU DISTRICT,161,62,68,5,18,7,1,6,1964,2018,48,27.29
ANDHRA PRADESH,SRI SATHYASAI DISTRICT,161,62,68,5,18,7,1,6,1964,2018,48,27.29
ANDHRA PRADESH,SRIKAKULAM,5,2,3,0,0,0,0,2,1980,2018,1,0.85
ANDHRA PRADESH,TIRUPATI,161,62,68,5,18,7,1,6,1964,2018,48,27.29
ANDHRA PRADESH,VISHAKHAPATNAM,161,62,68,5,18,7,1,6,1964,2018,48,27.29
ANDHRA PRADESH,VIZIANAGARAM,1,1,0,0,0,0,0,1,2005,2005,0,0.17
ANDHRA PRADESH,WEST GODAVARI,10,3,5,0,1,1,0,4,1980,2013,2,1.69
ANDHRA PRADESH,YSR DISTRICT,161,62,68,5,18,7,1,6,1964,2018,48,27.29
ARUNACHAL PRADESH,ANJAW,24,22,1,0,0,0,1,3,1988,2017,7,4.07
ARUNACHAL PRADESH,CHANGLANG,1,1,0,0,0,0,0,1,2005,2005,0,0.17
ARUNACHAL PRADESH,DIBANG VALLEY,24,22,1,0,0,0,1,3,1988,2017,7,4.07
ARUNACHAL PRADESH,EAST KAMENG,24,22,1,0,0,0,1,3,1988,2017,7,4.07
ARUNACHAL PRADESH,EAST SIANG,24,22,1,0,0,0,1,3,1988,2017,7,4.07
ARUNACHAL PRADESH,KURUNG KUMEY,24,22,1,0,0,0,1,3,1988,2017,7,4.07
ARUNACHAL PRADESH,LOHIT,24,22,1,0,0,0,1,3,1988,2017,7,4.07
ARUNACHAL PRADESH,LOWER DIBANG VALLEY,24,22,1,0,0,0,1,3,1988,2017,7,4.07
ARUNACHAL PRADESH,LOWER SUBANSIRI,24,22,1,0,0,0,1,3,1988,2017,7,4.07
ARUNACHAL PRADESH,PAPUM-PARE,1,0,0,0,0,0,1,1,2017,2017,1,0.17
ARUNACHAL PRADESH,TAWANG,24,22,1,0,0,0,1,3,1988,2017,7,4.07
ARUNACHAL PRADESH,TIRAP,24,22,1,0,0,0,1,3,1988,2017,7,4.07
ARUNACHAL PRADESH,UPPER SIANG,24,22,1,0,0,0,1,3,1988,2017,7,4.07
ARUNACHAL PRADESH,UPPER SUBANSIRI,24,22,1,0,0,0,1,3,1988,2017,7,4.07
ARUNACHAL PRADESH,WEST KAMENG,24,22,1,0,0,0,1,3,1988,2017,7,4.07
ARUNACHAL PRADESH,WEST SIANG,24,22,1,0,0,0,1,3,1988,2017,7,4.07
ASSAM,BAJALI,235,186,8,23,0,3,15,5,1964,2018,156,39.83
ASSAM,BAKSA,1,0,1,0,0,0,0,1,2010,2010,1,0.17
ASSAM,BARPETA,8,6,0,1,0,0,1,3,2005,2018,7,1.36
ASSAM,BISWANATH,235,186,8,23,0,3,15,5,1964,2018,156,39.83
ASSAM,BONGAIGAON,6,4,0,1,0,0,1,3,2009,2017,6,1.02
ASSAM,CACHAR,5,3,0,1,0,1,0,3,1984,2017,3,0.85
ASSAM,CHARAIDEO,235,186,8,23,0,3,15,5,1964,2018,156,39.83
ASSAM,CHIRANG,3,3,0,0,0,0,0,1,2012,2017,3,0.51
ASSAM,DARRANG,11,9,0,1,0,0,1,3,2004,2018,9,1.86
ASSAM,DHEMAJI,17,15,0,1,0,0,1,3,1971,2018,11,2.88
ASSAM,DHUBRI,7,5,1,1,0,0,0,3,1974,2017,5,1.19
ASSAM,DIBRUGARH,6,4,0,1,0,0,1,3,2005,2017,4,1.02
ASSAM,GOALPARA,10,8,0,1,0,0,1,3,2004,2017,8,1.69
ASSAM,GOLAGHAT,6,5,0,1,0,0,0,2,2009,2018,6,1.02
ASSAM,HAILAKANDI,3,2,0,1,0,0,0,2,2007,2012,2,0.51
ASSAM,HOJAI,235,186,8,23,0,3,15,5,1964,2018,156,39.83
ASSAM,JORHAT,13,11,0,1,0,0,1,3,1971,2017,9,2.2
ASSAM,KAMRUP METRO,235,186,8,23,0,3,15,5,1964,2018,156,39.83
ASSAM,KAMRUP RURAL,235,186,8,23,0,3,15,5,1964,2018,156,39.83
ASSAM,KARBI ANALOG,235,186,8,23,0,3,15,5,1964,2018,156,39.83
ASSAM,KOKRAJHAR,4,3,0,1,0,0,0,2,2009,2017,4,0.68
ASSAM,LAKHIMPUR,16,14,0,1,0,0,1,3,2004,2017,11,2.71
ASSAM,MAJULI,235,186,8,23,0,3,15,5,1964,2018,156,39.83
ASSAM,MORIGAON,7,6,0,1,0,0,0,2,2009,2017,7,1.19
ASSAM,N.C HILLS,235,186,8,23,0,3,15,5,1964,2018,156,39.83
ASSAM,NAGAON,5,3,0,1,0,0,1,3,2009,2017,5,0.85
ASSAM,NALBARI,8,5,1,1,0,0,1,4,2004,2017,7,1.36
ASSAM,SIBSAGAR,235,186,8,23,0,3,15,5,1964,2018,156,39.83
ASSAM,SONITPUR,10,8,0,1,0,0,1,3,1971,2017,6,1.69
ASSAM,TAMULPUR,235,186,8,23,0,3,15,5,1964,2018,156,39.83
ASSAM,TINSUKIA,8,5,1,1,0,0,1,4,1974,2015,5,1.36
ASSAM,UDALGURI,2,2,0,0,0,0,0,1,2012,2018,2,0.34
ASSAM,WEST KARBI ANGLONG,235,186,8,23,0,3,15,5,1964,2018,156,39.83
BIHAR,ARARIYA,194,105,32,26,23,7,1,6,1964,2018,92,32.88
BIHAR,ARWAL,194,105,32,26,23,7,1,6,1964,2018,92,32.88
BIHAR,AURANGABAD,194,105,32,26,23,7,1,6,1964,2018,92,32.88
BIHAR,BANKA,4,3,0,1,0,0,0,2,2000,2009,1,0.68
BIHAR,BEGUSARAI,3,2,0,1,0,0,0,2,2008,2016,2,0.51
BIHAR,BHABUA,194,105,32,26,23,7,1,6,1964,2018,92,32.88
BIHAR,BHAGALPUR,5,4,0,1,0,0,0,2,2000,2016,2,0.85
BIHAR,BHOJPUR,2,1,0,1,0,0,0,2,2009,2016,2,0.34
BIHAR,BUXAR,2,1,0,1,0,0,0,2,2009,2016,2,0.34
BIHAR,DRABHANGA,194,105,32,26,23,7,1,6,1964,2018,92,32.88
BIHAR,GAYA,2,0,1,1,0,0,0,2,2009,2017,2,0.34
BIHAR,GOPALGANJ,4,4,0,0,0,0,0,1,2001,2016,1,0.68
BIHAR,JAHANABAD,194,105,32,26,23,7,1,6,1964,2018,92,32.88
BIHAR,JAMUI,2,0,1,1,0,0,0,2,2009,2017,2,0.34
BIHAR,KATIHAR,3,2,0,1,0,0,0,2,2008,2016,2,0.51
BIHAR,KHAGARIA,3,3,0,0,0,0,0,1,2003,2016,1,0.51
BIHAR,KISHANGANJ,3,2,0,1,0,0,0,2,1996,2016,2,0.51
BIHAR,LAKHISARAI,2,1,0,1,0,0,0,2,2009,2016,2,0.34
BIHAR,MADHEPURA,4,2,1,1,0,0,0,3,2008,2016,3,0.68
BIHAR,MADUBANI,194,105,32,26,23,7,1,6,1964,2018,92,32.88
BIHAR,MUNGER,4,2,0,1,0,1,0,3,1988,2016,2,0.68
BIHAR,MUZAFFARPUR,7,5,1,1,0,0,0,3,2001,2016,3,1.19
BIHAR,NALANDA,4,2,1,1,0,0,0,3,2008,2017,3,0.68
BIHAR,NAWADA,1,0,0,1,0,0,0,1,2009,2009,1,0.17
BIHAR,PACHIM CHAMPARAN,194,105,32,26,23,7,1,6,1964,2018,92,32.88
BIHAR,PATNA,6,3,2,1,0,0,0,3,2001,2017,4,1.02
BIHAR,PURBA CHAMPARAN,3,3,0,0,0,0,0,1,2001,2016,1,0.51
BIHAR,PURNIA,4,3,1,0,0,0,0,2,2008,2016,3,0.68
BIHAR,ROHTAS,2,0,1,1,0,0,0,2,2009,2017,2,0.34
BIHAR,SAHARSA,5,4,0,0,0,1,0,2,1988,2016,2,0.85
BIHAR,SAMASTIPUR,2,1,1,0,0,0,0,2,2016,2017,2,0.34
BIHAR,SARAN,7,5,1,1,0,0,0,3,2001,2017,3,1.19
BIHAR,SHEIKHPURA,3,2,0,1,0,0,0,2,2000,2009,1,0.51
BIHAR,SHEOHAR,1,1,0,0,0,0,0,1,2004,2004,0,0.17
BIHAR,SITAMARHI,4,2,1,1,0,0,0,3,1996,2015,2,0.68
BIHAR,SIWAN,2,0,1,1,0,0,0,2,2009,2016,2,0.34
BIHAR,SUPAUL,3,2,1,0,0,0,0,2,2008,2016,2,0.51
BIHAR,VAISHALI,4,1,2,1,0,0,0,3,2009,2017,4,0.68
CHANDIGARH,CHANDIGARH,2,2,0,0,0,0,0,1,1993,1997,0,0.34
CHHATISGARH,BALOD,0,0,0,0,0,0,0,0,1960,2018,0,0.0
CHHATISGARH,BALODA BAZAR,0,0,0,0,0,0,0,0,1960,2018,0,0.0
CHHATISGARH,BALRAMPUR,5,4,0,1,0,0,0,2,2006,2017,4,0.85
CHHATISGARH,BASTAR,0,0,0,0,0,0,0,0,1960,2018,0,0.0
CHHATISGARH,BEMETARA,0,0,0,0,0,0,0,0,1960,2018,0,0.0
CHHATISGARH,BIJAPUR,2,2,0,0,0,0,0,1,2007,2009,1,0.34
CHHATISGARH,BILASPUR,2,2,0,0,0,0,0,1,2005,2007,0,0.34
CHHATISGARH,DANTEWARA,0,0,0,0,0,0,0,0,1960,2018,0,0.0
CHHATISGARH,DHAMTARI,0,0,0,0,0,0,0,0,1960,2018,0,0.0
CHHATISGARH,DURG,2,2,0,0,0,0,0,1,2005,2007,0,0.34
CHHATISGARH,GARIABAND,0,0,0,0,0,0,0,0,1960,2018,0,0.0
CHHATISGARH,JANJGIR_CHAMPA,0,0,0,0,0,0,0,0,1960,2018,0,0.0
CHHATISGARH,JASHPUR,0,0,0,0,0,0,0,0,1960,2018,0,0.0
CHHATISGARH,KABIRDHAM,0,0,0,0,0,0,0,0,1960,2018,0,0.0
CHHATISGARH,KANKER,0,0,0,0,0,0,0,0,1960,2018,0,0.0
CHHATISGARH,KHAIRAGARH-CHHUIKHADAN-GANDAI,0,0,0,0,0,0,0,0,1960,2018,0,0.0
CHHATISGARH,KONDAGAON,0,0,0,0,0,0,0,0,1960,2018,0,0.0
CHHATISGARH,KORBA,0,0,0,0,0,0,0,0,1960,2018,0,0.0
CHHATISGARH,KOREA,0,0,0,0,0,0,0,0,1960,2018,0,0.0
CHHATISGARH,MAHASAMUND,1,1,0,0,0,0,0,1,2007,2007,0,0.17
CHHATISGARH,MANENDRAGARH-CHIRMIRI-BHARATPUR,0,0,0,0,0,0,0,0,1960,2018,0,0.0
CHHATISGARH,MOHALA-MANPUR-CHOWKI,0,0,0,0,0,0,0,0,1960,2018,0,0.0
CHHATISGARH,MUNGELI,0,0,0,0,0,0,0,0,1960,2018,0,0.0
CHHATISGARH,NARAYANPUR,0,0,0,0,0,0,0,0,1960,2018,0,0.0
CHHATISGARH,RAIGARH,3,2,0,1,0,0,0,2,2009,2016,3,0.51
CHHATISGARH,RAIPUR,1,1,0,0,0,0,0,1,2007,2007,0,0.17
CHHATISGARH,RAJNANDGAON,1,1,0,0,0,0,0,1,2005,2005,0,0.17
CHHATISGARH,SARANGARH-BILAIGARH,0,0,0,0,0,0,0,0,1960,2018,0,0.0
CHHATISGARH,SUKMA,0,0,0,0,0,0,0,0,1960,2018,0,0.0
CHHATISGARH,SURAJPUR,0,0,0,0,0,0,0,0,1960,2018,0,0.0
CHHATISGARH,SURGUJA,0,0,0,0,0,0,0,0,1960,2018,0,0.0
CHHATTISGARH,SAKTI,19,12,2,3,2,0,0,4,2000,2016,5,3.22
DADRA & NAGAR HAVELI,DADAR & NAGAR HAVELI,0,0,0,0,0,0,0,0,1960,2018,0,0.0
DAMAN & DIU,DAMAN,0,0,0,0,0,0,0,0,1960,2018,0,0.0
DAMAN & DIU,DIU,0,0,0,0,0,0,0,0,1960,2018,0,0.0
GOA,NORTH GOA,7,5,2,0,0,0,0,2,1985,2008,0,1.19
GOA,SOUTH GOA,1,0,1,0,0,0,0,1,1994,1994,0,0.17
GUJARAT,AHMADABAD,3,2,0,0,0,1,0,2,1997,2005,0,0.51
GUJARAT,AMRELI,4,2,1,0,0,1,0,3,1998,2015,1,0.68
GUJARAT,ANAND,2,1,0,0,0,1,0,2,2001,2005,0,0.34
GUJARAT,ARAVALLI,136,81,25,4,5,21,0,5,1960,2018,21,23.05
GUJARAT,BANASKANTHA,136,81,25,4,5,21,0,5,1960,2018,21,23.05
GUJARAT,BHARUCH,4,2,1,0,0,1,0,3,1998,2005,0,0.68
GUJARAT,BHAVNAGAR,4,2,1,0,0,1,0,3,1998,2005,0,0.68
GUJARAT,BOTAD,136,81,25,4,5,21,0,5,1960,2018,21,23.05
GUJARAT,CHHOTA UDEPUR,136,81,25,4,5,21,0,5,1960,2018,21,23.05
GUJARAT,DAHOD,1,0,0,0,0,1,0,1,2001,2001,0,0.17
GUJARAT,DANGS,136,81,25,4,5,21,0,5,1960,2018,21,23.05
GUJARAT,DEVBHOOMI DWARKA,136,81,25,4,5,21,0,5,1960,2018,21,23.05
GUJARAT,GANDHINAGAR,3,2,0,0,0,1,0,2,1997,2005,0,0.51
GUJARAT,GIR SOMNATH,136,81,25,4,5,21,0,5,1960,2018,21,23.05
GUJARAT,JAMNAGAR,3,1,1,0,0,1,0,3,1998,2005,0,0.51
GUJARAT,JUNAGARH,136,81,25,4,5,21,0,5,1960,2018,21,23.05
GUJARAT,KACHCHH,5,2,2,0,0,1,0,3,1998,2015,1,0.85
GUJARAT,KHERA,136,81,25,4,5,21,0,5,1960,2018,21,23.05
GUJARAT,MAHESANA,2,1,0,0,0,1,0,2,1997,2001,0,0.34
GUJARAT,MAHISAGAR,136,81,25,4,5,21,0,5,1960,2018,21,23.05
GUJARAT,MORBI,136,81,25,4,5,21,0,5,1960,2018,21,23.05
GUJARAT,NARMADA,2,2,0,0,0,0,0,1,2005,2005,0,0.34
GUJARAT,NAVSARI,6,4,1,0,0,1,0,3,1998,2017,2,1.02
GUJARAT,PANCHMAHAL,136,81,25,4,5,21,0,5,1960,2018,21,23.05
GUJARAT,PATAN,3,2,0,0,0,1,0,2,2001,2017,2,0.51
GUJARAT,PORBANDAR,2,0,1,0,0,1,0,2,1998,2001,0,0.34
GUJARAT,RAJKOT,4,2,1,0,0,1,0,3,1998,2015,1,0.68
GUJARAT,SABAR KANTHA,4,3,0,0,0,1,0,2,1997,2017,1,0.68
GUJARAT,SURAT,7,5,1,0,0,1,0,3,1998,2017,3,1.19
GUJARAT,SURENDRANAGAR,3,2,0,0,0,1,0,2,1997,2005,0,0.51
GUJARAT,TAPI,136,81,25,4,5,21,0,5,1960,2018,21,23.05
GUJARAT,VADODARA,6,4,1,0,0,1,0,3,1997,2016,1,1.02
GUJARAT,VALSAD,5,4,1,0,0,0,0,2,1960,2017,2,0.85
HARYANA,AMBALA,1,1,0,0,0,0,0,1,2010,2010,1,0.17
HARYANA,BHIWANI,1,0,0,1,0,0,0,1,1982,1982,0,0.17
HARYANA,CHARKHI DADRI,34,15,2,6,10,0,1,5,1980,2018,8,5.76
HARYANA,FARIDABAD,34,15,2,6,10,0,1,5,1980,2018,8,5.76
HARYANA,FATEHABAD,34,15,2,6,10,0,1,5,1980,2018,8,5.76
HARYANA,GURGAON,1,0,0,1,0,0,0,1,1982,1982,0,0.17
HARYANA,HISAR,1,0,0,1,0,0,0,1,1982,1982,0,0.17
HARYANA,JHAJJAR,34,15,2,6,10,0,1,5,1980,2018,8,5.76
HARYANA,JIND,34,15,2,6,10,0,1,5,1980,2018,8,5.76
HARYANA,KAITHAL,34,15,2,6,10,0,1,5,1980,2018,8,5.76
HARYANA,KARNAL,34,15,2,6,10,0,1,5,1980,2018,8,5.76
HARYANA,KURUKSHETRA,1,1,0,0,0,0,0,1,2010,2010,1,0.17
HARYANA,MAHENDRAGARH,1,0,0,1,0,0,0,1,1982,1982,0,0.17
HARYANA,NUH,34,15,2,6,10,0,1,5,1980,2018,8,5.76
HARYANA,PALWAL,34,15,2,6,10,0,1,5,1980,2018,8,5.76
HARYANA,PANCHKULA,34,15,2,6,10,0,1,5,1980,2018,8,5.76
HARYANA,PANIPAT,34,15,2,6,10,0,1,5,1980,2018,8,5.76
HARYANA,REWARI,34,15,2,6,10,0,1,5,1980,2018,8,5.76
HARYANA,ROHTAK,1,0,0,1,0,0,0,1,1982,1982,0,0.17
HARYANA,SIRSA,34,15,2,6,10,0,1,5,1980,2018,8,5.76
HARYANA,SONIPAT,34,15,2,6,10,0,1,5,1980,2018,8,5.76
HARYANA,YAMUNANAGAR,34,15,2,6,10,0,1,5,1980,2018,8,5.76
HIMACHAL PRADESH,BILAASPUR,61,26,1,11,12,3,8,6,1975,2017,21,10.34
HIMACHAL PRADESH,CHAMBA,4,0,0,1,0,1,2,3,1979,2009,1,0.68
HIMACHAL PRADESH,HAMIRPURR,61,26,1,11,12,3,8,6,1975,2017,21,10.34
HIMACHAL PRADESH,KANGRA,2,0,0,1,0,1,0,2,1986,2009,1,0.34
HIMACHAL PRADESH,KINNAUR,3,2,0,1,0,0,0,2,2005,2009,1,0.51
HIMACHAL PRADESH,KULLU,6,3,0,1,1,0,1,4,1995,2011,2,1.02
HIMACHAL PRADESH,LAHUL&SPITI,61,26,1,11,12,3,8,6,1975,2017,21,10.34
HIMACHAL PRADESH,MANDI,4,1,0,1,1,0,1,4,2005,2017,3,0.68
HIMACHAL PRADESH,SHIMLA,2,0,0,1,1,0,0,2,2009,2011,2,0.34
HIMACHAL PRADESH,SIRMAUR,1,0,0,1,0,0,0,1,2009,2009,1,0.17
HIMACHAL PRADESH,SOLAN,2,0,0,1,1,0,0,2,2009,2011,2,0.34
HIMACHAL PRADESH,UNA,1,0,0,1,0,0,0,1,2009,2009,1,0.17
JAMMU AND KASHMIR,ANANTNAG,1,0,0,0,0,1,0,1,2005,2005,0,0.17
JAMMU AND KASHMIR,BADGAM,56,19,7,0,13,8,8,6,1972,2017,17,9.49
JAMMU AND KASHMIR,BANDIPORE,56,19,7,0,13,8,8,6,1972,2017,17,9.49
JAMMU AND KASHMIR,BARAMULA,56,19,7,0,13,8,8,6,1972,2017,17,9.49
JAMMU AND KASHMIR,DODA,1,0,0,0,0,1,0,1,2013,2013,1,0.17
JAMMU AND KASHMIR,GANDERWAL,56,19,7,0,13,8,8,6,1972,2017,17,9.49
JAMMU AND KASHMIR,JAMMU,5,2,0,0,1,2,0,3,1980,2005,0,0.85
JAMMU AND KASHMIR,KATHUA,56,19,7,0,13,8,8,6,1972,2017,17,9.49
JAMMU AND KASHMIR,KISTWAR,56,19,7,0,13,8,8,6,1972,2017,17,9.49
JAMMU AND KASHMIR,KULGAM,56,19,7,0,13,8,8,6,1972,2017,17,9.49
JAMMU AND KASHMIR,KUPWARA,56,19,7,0,13,8,8,6,1972,2017,17,9.49
JAMMU AND KASHMIR,PULWAMA,56,19,7,0,13,8,8,6,1972,2017,17,9.49
JAMMU AND KASHMIR,PUNCH,56,19,7,0,13,8,8,6,1972,2017,17,9.49
JAMMU AND KASHMIR,RAJOURI,56,19,7,0,13,8,8,6,1972,2017,17,9.49
JAMMU AND KASHMIR,RAMBAN,56,19,7,0,13,8,8,6,1972,2017,17,9.49
JAMMU AND KASHMIR,RIASI,56,19,7,0,13,8,8,6,1972,2017,17,9.49
JAMMU AND KASHMIR,SAMBA,56,19,7,0,13,8,8,6,1972,2017,17,9.49
JAMMU AND KASHMIR,SHOPIAN,56,19,7,0,13,8,8,6,1972,2017,17,9.49
JAMMU AND KASHMIR,SRINAGAR,2,0,1,0,1,0,0,2,1972,2010,1,0.34
JAMMU AND KASHMIR,UDHAMPUR,56,19,7,0,13,8,8,6,1972,2017,17,9.49
JHARKHAND,BOKARO,1,0,0,1,0,0,0,1,2009,2009,1,0.17
JHARKHAND,CHATRA,1,0,0,1,0,0,0,1,2009,2009,1,0.17
JHARKHAND,DEOGHAR,4,2,1,1,0,0,0,3,2000,2015,3,0.68
JHARKHAND,DHANBAD,1,0,0,1,0,0,0,1,2009,2009,1,0.17
JHARKHAND,DUMKA,2,1,0,1,0,0,0,2,2000,2009,1,0.34
JHARKHAND,EAST SINGHBHUM,38,5,7,22,4,0,0,4,2000,2018,32,6.44
JHARKHAND,GARHWA,1,0,0,1,0,0,0,1,2009,2009,1,0.17
JHARKHAND,GIRIDIH,1,0,0,1,0,0,0,1,2009,2009,1,0.17
JHARKHAND,GODDA,1,0,0,1,0,0,0,1,2009,2009,1,0.17
JHARKHAND,GUMLA,1,0,0,1,0,0,0,1,2009,2009,1,0.17
JHARKHAND,HAZARIBAGH,38,5,7,22,4,0,0,4,2000,2018,32,6.44
JHARKHAND,JAMTARA,1,0,0,1,0,0,0,1,2009,2009,1,0.17
JHARKHAND,KHUNTI,38,5,7,22,4,0,0,4,2000,2018,32,6.44
JHARKHAND,KODERMA,38,5,7,22,4,0,0,4,2000,2018,32,6.44
JHARKHAND,LATEHAR,1,0,0,1,0,0,0,1,2009,2009,1,0.17
JHARKHAND,LOHARDAGA,1,0,0,1,0,0,0,1,2009,2009,1,0.17
JHARKHAND,PAKUR,1,0,0,1,0,0,0,1,2009,2009,1,0.17
JHARKHAND,PALAMU,1,0,0,1,0,0,0,1,2009,2009,1,0.17
JHARKHAND,RAMGARH,38,5,7,22,4,0,0,4,2000,2018,32,6.44
JHARKHAND,RANCHI,1,0,0,1,0,0,0,1,2009,2009,1,0.17
JHARKHAND,SAHEBGANJ,38,5,7,22,4,0,0,4,2000,2018,32,6.44
JHARKHAND,SARAIKELA,38,5,7,22,4,0,0,4,2000,2018,32,6.44
JHARKHAND,SIMDEGA,1,0,0,1,0,0,0,1,2009,2009,1,0.17
JHARKHAND,WEST SINGHBHUM,38,5,7,22,4,0,0,4,2000,2018,32,6.44
KARNATAKA,BAGALKOT,3,2,0,1,0,0,0,2,2007,2009,2,0.51
KARNATAKA,BANGALORE RURAL,1,0,0,1,0,0,0,1,2009,2009,1,0.17
KARNATAKA,BANGLORE URBAN,64,39,3,21,0,0,1,4,1964,2018,35,10.85
KARNATAKA,BELGAUM,3,2,0,1,0,0,0,2,2007,2009,2,0.51
KARNATAKA,BELLARY,2,1,0,1,0,0,0,2,2009,2009,2,0.34
KARNATAKA,BIDAR,2,1,0,1,0,0,0,2,2009,2009,2,0.34
KARNATAKA,BIJAAPUR,64,39,3,21,0,0,1,4,1964,2018,35,10.85
KARNATAKA,CHAMARAJANAGAR,64,39,3,21,0,0,1,4,1964,2018,35,10.85
KARNATAKA,CHIKBALLAPUR,64,39,3,21,0,0,1,4,1964,2018,35,10.85
KARNATAKA,CHIKMAGALUR,64,39,3,21,0,0,1,4,1964,2018,35,10.85
KARNATAKA,CHITRADURGA,1,0,0,1,0,0,0,1,2009,2009,1,0.17
KARNATAKA,DAKSHIN KANNADA,64,39,3,21,0,0,1,4,1964,2018,35,10.85
KARNATAKA,DAVANGERE,64,39,3,21,0,0,1,4,1964,2018,35,10.85
KARNATAKA,DHARWAD,1,1,0,0,0,0,0,1,2009,2009,1,0.17
KARNATAKA,GADAG,3,2,0,1,0,0,0,2,2007,2009,2,0.51
KARNATAKA,GULBARGA,2,1,0,1,0,0,0,2,2009,2009,2,0.34
KARNATAKA,HASSAN,64,39,3,21,0,0,1,4,1964,2018,35,10.85
KARNATAKA,HAVERI,1,1,0,0,0,0,0,1,2009,2009,1,0.17
KARNATAKA,KODAGU,1,1,0,0,0,0,0,1,2007,2007,0,0.17
KARNATAKA,KOLAR,1,0,0,1,0,0,0,1,2009,2009,1,0.17
KARNATAKA,KOPPAL,2,1,0,1,0,0,0,2,2009,2009,2,0.34
KARNATAKA,MANDHYA,64,39,3,21,0,0,1,4,1964,2018,35,10.85
KARNATAKA,MYSORE,4,2,0,2,0,0,0,2,1964,2009,1,0.68
KARNATAKA,RAICHUR,2,1,0,1,0,0,0,2,2009,2009,2,0.34
KARNATAKA,RAMNAGAR,64,39,3,21,0,0,1,4,1964,2018,35,10.85
KARNATAKA,SHIMOGA,64,39,3,21,0,0,1,4,1964,2018,35,10.85
KARNATAKA,TUMKUR,1,0,0,1,0,0,0,1,2009,2009,1,0.17
KARNATAKA,UDUPI,64,39,3,21,0,0,1,4,1964,2018,35,10.85
KARNATAKA,UTTAR KANNADA,64,39,3,21,0,0,1,4,1964,2018,35,10.85
KARNATAKA,VIJAYANAGARA,64,39,3,21,0,0,1,4,1964,2018,35,10.85
KARNATAKA,YADGIR,64,39,3,21,0,0,1,4,1964,2018,35,10.85
KERALA,ALAPPUZHA,3,2,0,0,0,1,0,2,2001,2018,1,0.51
KERALA,ERNAKULAM,2,0,1,0,0,1,0,2,2004,2017,1,0.34
KERALA,IDUKKI,1,1,0,0,0,0,0,1,2001,2001,0,0.17
KERALA,KANNUR,2,2,0,0,0,0,0,1,2002,2004,0,0.34
KERALA,KASARGOD,53,37,10,2,0,3,1,5,1977,2018,9,8.98
KERALA,KOLLAM,2,1,0,0,0,1,0,2,2001,2004,0,0.34
KERALA,KOTTYAM,53,37,10,2,0,3,1,5,1977,2018,9,8.98
KERALA,KOZIKOD,53,37,10,2,0,3,1,5,1977,2018,9,8.98
KERALA,MALAPPURAM,53,37,10,2,0,3,1,5,1977,2018,9,8.98
KERALA,PALAKKAD,53,37,10,2,0,3,1,5,1977,2018,9,8.98
KERALA,PATTANAMITTIA,53,37,10,2,0,3,1,5,1977,2018,9,8.98
KERALA,THIRUVANANTHPURAM,53,37,10,2,0,3,1,5,1977,2018,9,8.98
KERALA,TRISHUR,53,37,10,2,0,3,1,5,1977,2018,9,8.98
KERALA,WAYANAD,53,37,10,2,0,3,1,5,1977,2018,9,8.98
LADAKH,KARGIL,1,1,0,0,0,0,0,1,1990,1990,0,0.17
LADAKH,LEH AND LADAKH,0,0,0,0,0,0,0,0,1960,2018,0,0.0
LAKSHADWEEP,LAKSHADWEEP,1,0,1,0,0,0,0,1,2017,2017,1,0.17
MADHYA PRADESH,AGAR-MALWA,1,1,0,0,0,0,0,1,2016,2016,1,0.17
MADHYA PRADESH,ALIRAJPUR,108,52,7,40,7,2,0,5,1962,2018,63,18.31
MADHYA PRADESH,ANUPPUR,1,0,0,1,0,0,0,1,2009,2009,1,0.17
MADHYA PRADESH,ASHOKNAGAR,1,0,0,1,0,0,0,1,2009,2009,1,0.17
MADHYA PRADESH,BALAGHAT,3,2,0,1,0,0,0,2,2002,2009,1,0.51
MADHYA PRADESH,BARWANI,1,0,0,1,0,0,0,1,2009,2009,1,0.17
MADHYA PRADESH,BETUL,1,0,1,0,0,0,0,1,2003,2003,0,0.17
MADHYA PRADESH,BHIND,1,0,0,1,0,0,0,1,2009,2009,1,0.17
MADHYA PRADESH,BHOPAL,2,2,0,0,0,0,0,1,2013,2016,2,0.34
MADHYA PRADESH,BURHANPUR,1,0,0,1,0,0,0,1,2009,2009,1,0.17
MADHYA PRADESH,CHHATARPUR,2,1,0,1,0,0,0,2,1974,2009,1,0.34
MADHYA PRADESH,CHHINDWARA,108,52,7,40,7,2,0,5,1962,2018,63,18.31
MADHYA PRADESH,DAMOH,3,2,0,1,0,0,0,2,2005,2016,2,0.51
MADHYA PRADESH,DATIA,1,0,0,1,0,0,0,1,2009,2009,1,0.17
MADHYA PRADESH,DEWAS,1,0,0,1,0,0,0,1,2009,2009,1,0.17
MADHYA PRADESH,DHAR,1,0,0,0,0,1,0,1,2005,2005,0,0.17
MADHYA PRADESH,DINDORI,1,0,0,1,0,0,0,1,2009,2009,1,0.17
MADHYA PRADESH,GUNA,2,0,1,1,0,0,0,2,2009,2018,2,0.34
MADHYA PRADESH,GWALIOR,1,0,0,1,0,0,0,1,2009,2009,1,0.17
MADHYA PRADESH,HARDA,1,1,0,0,0,0,0,1,2016,2016,1,0.17
MADHYA PRADESH,INDORE,108,52,7,40,7,2,0,5,1962,2018,63,18.31
MADHYA PRADESH,JABALPUR,6,4,0,1,0,1,0,3,1997,2016,3,1.02
MADHYA PRADESH,JHABUA,1,0,0,1,0,0,0,1,2009,2009,1,0.17
MADHYA PRADESH,KATNI,2,1,0,1,0,0,0,2,2005,2009,1,0.34
MADHYA PRADESH,KHANDWA,108,52,7,40,7,2,0,5,1962,2018,63,18.31
MADHYA PRADESH,KHARGONE,108,52,7,40,7,2,0,5,1962,2018,63,18.31
MADHYA PRADESH,MANDLA,2,1,0,1,0,0,0,2,2009,2016,2,0.34
MADHYA PRADESH,MANDSAUR,108,52,7,40,7,2,0,5,1962,2018,63,18.31
MADHYA PRADESH,MORENA,1,0,0,1,0,0,0,1,2009,2009,1,0.17
MADHYA PRADESH,NARMADAPURAM,108,52,7,40,7,2,0,5,1962,2018,63,18.31
MADHYA PRADESH,NARSHIMAPURA,108,52,7,40,7,2,0,5,1962,2018,63,18.31
MADHYA PRADESH,NIMACH,108,52,7,40,7,2,0,5,1962,2018,63,18.31
MADHYA PRADESH,NIWARI,108,52,7,40,7,2,0,5,1962,2018,63,18.31
MADHYA PRADESH,PANNA,3,2,0,1,0,0,0,2,2005,2016,2,0.51
MADHYA PRADESH,RAISEN,2,1,0,1,0,0,0,2,2009,2016,2,0.34
MADHYA PRADESH,RAJGARH,1,0,0,1,0,0,0,1,2009,2009,1,0.17
MADHYA PRADESH,RATLAM,1,0,0,1,0,0,0,1,2009,2009,1,0.17
MADHYA PRADESH,REWA,3,2,0,1,0,0,0,2,2005,2016,2,0.51
MADHYA PRADESH,SAGAR,4,2,1,1,0,0,0,3,2005,2016,3,0.68
MADHYA PRADESH,SATNA,3,2,0,1,0,0,0,2,2005,2016,2,0.51
MADHYA PRADESH,SEHORE,2,1,0,1,0,0,0,2,2009,2016,2,0.34
MADHYA PRADESH,SEONI,3,3,0,0,0,0,0,1,2005,2016,2,0.51
MADHYA PRADESH,SHAHDOL,1,0,0,1,0,0,0,1,2009,2009,1,0.17
MADHYA PRADESH,SHAJAPUR,2,1,0,1,0,0,0,2,2009,2016,2,0.34
MADHYA PRADESH,SHEOPUR,1,0,0,1,0,0,0,1,2009,2009,1,0.17
MADHYA PRADESH,SHIVPURI,1,0,0,1,0,0,0,1,2009,2009,1,0.17
MADHYA PRADESH,SIDHI,1,0,0,1,0,0,0,1,2009,2009,1,0.17
MADHYA PRADESH,SINGRAULI,108,52,7,40,7,2,0,5,1962,2018,63,18.31
MADHYA PRADESH,TIKAMGARH,2,1,0,1,0,0,0,2,2009,2016,2,0.34
MADHYA PRADESH,UJJAIN,108,52,7,40,7,2,0,5,1962,2018,63,18.31
MADHYA PRADESH,UMARIA,1,0,0,1,0,0,0,1,2009,2009,1,0.17
MADHYA PRADESH,VIDESHA,108,52,7,40,7,2,0,5,1962,2018,63,18.31
MAHARASHTRA,AHMADNAGAR,1,0,0,1,0,0,0,1,2009,2009,1,0.17
MAHARASHTRA,AKOLA,1,0,0,1,0,0,0,1,2009,2009,1,0.17
MAHARASHTRA,AMARAVATI,93,39,9,32,4,4,5,6,1967,2018,45,15.76
MAHARASHTRA,BHANDARA,1,1,0,0,0,0,0,1,2005,2005,0,0.17
MAHARASHTRA,BID,1,0,0,1,0,0,0,1,2009,2009,1,0.17
MAHARASHTRA,BULDHANA,93,39,9,32,4,4,5,6,1967,2018,45,15.76
MAHARASHTRA,CHANDRAPUR,1,0,0,1,0,0,0,1,2009,2009,1,0.17
MAHARASHTRA,CHHATRAPATI SAMBHAJINAGAR,93,39,9,32,4,4,5,6,1967,2018,45,15.76
MAHARASHTRA,DHARASHIV,93,39,9,32,4,4,5,6,1967,2018,45,15.76
MAHARASHTRA,DHULE,1,0,0,1,0,0,0,1,2009,2009,1,0.17
MAHARASHTRA,GADCHIROLI,93,39,9,32,4,4,5,6,1967,2018,45,15.76
MAHARASHTRA,GONDIYA,1,1,0,0,0,0,0,1,2005,2005,0,0.17
MAHARASHTRA,HINGOLI,1,0,0,1,0,0,0,1,2009,2009,1,0.17
MAHARASHTRA,JALGAON,2,1,0,1,0,0,0,2,2002,2009,1,0.34
MAHARASHTRA,JALNA,1,0,0,1,0,0,0,1,2009,2009,1,0.17
MAHARASHTRA,KOLHAPUR,2,1,0,1,0,0,0,2,2009,2016,2,0.34
MAHARASHTRA,LATUR,3,0,0,1,0,2,0,2,1993,2009,1,0.51
MAHARASHTRA,MUMBAI CITY,8,6,1,0,0,0,1,3,1985,2007,0,1.36
MAHARASHTRA,NAGPUR,1,1,0,0,0,0,0,1,2005,2005,0,0.17
MAHARASHTRA,NANDED,1,0,0,1,0,0,0,1,2009,2009,1,0.17
MAHARASHTRA,NANDURBAR,1,0,0,1,0,0,0,1,2009,2009,1,0.17
MAHARASHTRA,NASIK,93,39,9,32,4,4,5,6,1967,2018,45,15.76
MAHARASHTRA,PALGHAR,93,39,9,32,4,4,5,6,1967,2018,45,15.76
MAHARASHTRA,PARBHANI,1,0,0,1,0,0,0,1,2009,2009,1,0.17
MAHARASHTRA,PUNE,4,2,0,1,0,0,1,3,2007,2016,3,0.68
MAHARASHTRA,RAIGAD,93,39,9,32,4,4,5,6,1967,2018,45,15.76
MAHARASHTRA,RATNAGIRI,2,1,1,0,0,0,0,2,1998,2016,1,0.34
MAHARASHTRA,SANGLI,1,0,0,1,0,0,0,1,2009,2009,1,0.17
MAHARASHTRA,SATARA,2,1,0,1,0,0,0,2,2009,2016,2,0.34
MAHARASHTRA,SINDHUDURG,93,39,9,32,4,4,5,6,1967,2018,45,15.76
MAHARASHTRA,SOLAPUR,1,0,0,1,0,0,0,1,2009,2009,1,0.17
MAHARASHTRA,SUBURBAN MUMBAI,93,39,9,32,4,4,5,6,1967,2018,45,15.76
MAHARASHTRA,THANE,3,2,0,1,0,0,0,2,2009,2017,3,0.51
MAHARASHTRA,WARDHA,1,0,0,1,0,0,0,1,2009,2009,1,0.17
MAHARASHTRA,WASHIM,1,0,0,1,0,0,0,1,2009,2009,1,0.17
MAHARASHTRA,YAVATMAL,2,1,0,1,0,0,0,2,2005,2009,1,0.34
MANIPUR,BISHNUPUR,4,2,0,1,0,1,0,3,2004,2017,3,0.68
MANIPUR,CHANDEL,1,0,0,1,0,0,0,1,2009,2009,1,0.17
MANIPUR,CHURACHANDPUR,1,0,0,1,0,0,0,1,2009,2009,1,0.17
MANIPUR,IMPHAL EAST,3,2,0,0,0,1,0,2,2004,2017,2,0.51
MANIPUR,IMPHAL WEST,4,2,0,1,0,1,0,3,2004,2017,3,0.68
MANIPUR,SENAPATI,2,0,0,1,0,1,0,2,2009,2016,2,0.34
MANIPUR,TAMENGLONG,2,0,0,1,0,1,0,2,2009,2016,2,0.34
MANIPUR,THOUBAL,3,1,0,1,0,1,0,3,2009,2017,3,0.51
MANIPUR,UKHRUL,1,0,0,1,0,0,0,1,2009,2009,1,0.17
MEGHALAYA,EAST GARO HILLS,12,10,1,0,0,1,0,3,1990,2014,6,2.03
MEGHALAYA,EAST JAINTIA HILLS,12,10,1,0,0,1,0,3,1990,2014,6,2.03
MEGHALAYA,EAST KHASI HILLS,12,10,1,0,0,1,0,3,1990,2014,6,2.03
MEGHALAYA,NORTH GARO HILLS,12,10,1,0,0,1,0,3,1990,2014,6,2.03
MEGHALAYA,RI BHOI,12,10,1,0,0,1,0,3,1990,2014,6,2.03
MEGHALAYA,SOUTH GARO HILLS,12,10,1,0,0,1,0,3,1990,2014,6,2.03
MEGHALAYA,SOUTH WEST GARO HILLS,1,1,0,0,0,0,0,1,2014,2014,1,0.17
MEGHALAYA,SOUTH WEST KHASI HILLS,12,10,1,0,0,1,0,3,1990,2014,6,2.03
MEGHALAYA,WEST GARO HILLS,1,1,0,0,0,0,0,1,2014,2014,1,0.17
MEGHALAYA,WEST JAINTIA HILLS,12,10,1,0,0,1,0,3,1990,2014,6,2.03
MEGHALAYA,WEST KHASI HILLS,12,10,1,0,0,1,0,3,1990,2014,6,2.03
MIZORAM,AIZAWL,1,0,0,0,0,0,1,1,1992,1992,0,0.17
MIZORAM,CHAMPHAI,7,2,3,0,0,0,2,3,1989,2018,3,1.19
MIZORAM,KOLASIB,7,2,3,0,0,0,2,3,1989,2018,3,1.19
MIZORAM,LAWNGTLAI,7,2,3,0,0,0,2,3,1989,2018,3,1.19
MIZORAM,LUNGLEI,7,2,3,0,0,0,2,3,1989,2018,3,1.19
MIZORAM,MAMIT,7,2,3,0,0,0,2,3,1989,2018,3,1.19
MIZORAM,SAIHA,7,2,3,0,0,0,2,3,1989,2018,3,1.19
MIZORAM,SERCHHIP,7,2,3,0,0,0,2,3,1989,2018,3,1.19
NAGALAND,DIMAPUR,1,0,0,1,0,0,0,1,2009,2009,1,0.17
NAGALAND,KIPHIRE,13,3,0,10,0,0,0,2,2002,2017,11,2.2
NAGALAND,KOHIMA,1,0,0,1,0,0,0,1,2009,2009,1,0.17
NAGALAND,LONGLENG,13,3,0,10,0,0,0,2,2002,2017,11,2.2
NAGALAND,MOKOKCHUNG,2,1,0,1,0,0,0,2,2005,2009,1,0.34
NAGALAND,MON,1,0,0,1,0,0,0,1,2009,2009,1,0.17
NAGALAND,PEREN,13,3,0,10,0,0,0,2,2002,2017,11,2.2
NAGALAND,PHEK,1,0,0,1,0,0,0,1,2009,2009,1,0.17
NAGALAND,TUENSANG,1,0,0,1,0,0,0,1,2009,2009,1,0.17
NAGALAND,WOKHA,1,0,0,1,0,0,0,1,2009,2009,1,0.17
NAGALAND,ZUNHEBOTO,1,0,0,1,0,0,0,1,2009,2009,1,0.17
NCT of DELHI,CENTRAL DELHI,29,8,3,2,15,1,0,5,1962,2018,10,4.92
NCT of DELHI,EAST DELHI,29,8,3,2,15,1,0,5,1962,2018,10,4.92
NCT of DELHI,NEW DELHI,29,8,3,2,15,1,0,5,1962,2018,10,4.92
NCT of DELHI,NORTH DELHI,29,8,3,2,15,1,0,5,1962,2018,10,4.92
NCT of DELHI,NORTH EAST DELHI,29,8,3,2,15,1,0,5,1962,2018,10,4.92
NCT of DELHI,NORTH WEST DELHI,29,8,3,2,15,1,0,5,1962,2018,10,4.92
NCT of DELHI,SOUTH DELHI,29,8,3,2,15,1,0,5,1962,2018,10,4.92
NCT of DELHI,SOUTH EAST DELHI,29,8,3,2,15,1,0,5,1962,2018,10,4.92
NCT of DELHI,SOUTH WEST DELHI,29,8,3,2,15,1,0,5,1962,2018,10,4.92
NCT of DELHI,WEST DELHI,29,8,3,2,15,1,0,5,1962,2018,10,4.92
ODISHA,ANUGUL,3,3,0,0,0,0,0,1,2001,2011,1,0.51
ODISHA,BALANGIR,1,1,0,0,0,0,0,1,2003,2003,0,0.17
ODISHA,BALESHWAR,8,4,4,0,0,0,0,2,1976,2011,1,1.36
ODISHA,BARAGARH,156,83,55,5,13,0,0,4,1963,2018,42,26.44
ODISHA,BAUDA,1,1,0,0,0,0,0,1,2011,2011,1,0.17
ODISHA,BHADRAK,4,3,1,0,0,0,0,2,1999,2011,1,0.68
ODISHA,CUTTACK,7,5,2,0,0,0,0,2,1984,2011,1,1.19
ODISHA,DEOGARH,156,83,55,5,13,0,0,4,1963,2018,42,26.44
ODISHA,DHENKANAL,2,1,1,0,0,0,0,2,1999,2011,1,0.34
ODISHA,GAJAPATHI,156,83,55,5,13,0,0,4,1963,2018,42,26.44
ODISHA,GANJAM,6,1,5,0,0,0,0,2,1981,2018,1,1.02
ODISHA,JAGATSINGHAPUR,5,4,1,0,0,0,0,2,1999,2011,1,0.85
ODISHA,JAJAPUR,7,6,1,0,0,0,0,2,1999,2011,1,1.19
ODISHA,JHARSUGUDA,1,1,0,0,0,0,0,1,2011,2011,1,0.17
ODISHA,KALAHANDI,2,1,1,0,0,0,0,2,1981,2003,0,0.34
ODISHA,KANDHAMAL,3,1,2,0,0,0,0,2,1981,2018,1,0.51
ODISHA,KENDRAPARHA,156,83,55,5,13,0,0,4,1963,2018,42,26.44
ODISHA,KENDUJHAR,1,0,1,0,0,0,0,1,1999,1999,0,0.17
ODISHA,KHORDHA,7,5,2,0,0,0,0,2,1999,2011,1,1.19
ODISHA,KORAPUT,2,1,1,0,0,0,0,2,1981,2003,0,0.34
ODISHA,MALKANGIRI,1,0,1,0,0,0,0,1,2015,2015,1,0.17
ODISHA,MAYURBHANJ,3,2,1,0,0,0,0,2,1999,2011,1,0.51
ODISHA,NABARANGAPUR,1,0,1,0,0,0,0,1,2015,2015,1,0.17
ODISHA,NAYAGARH,3,2,1,0,0,0,0,2,1999,2011,1,0.51
ODISHA,NUAPARHA,156,83,55,5,13,0,0,4,1963,2018,42,26.44
ODISHA,PURI,9,5,4,0,0,0,0,2,1981,2018,2,1.53
ODISHA,RAYAGARHA,156,83,55,5,13,0,0,4,1963,2018,42,26.44
ODISHA,SAMBALPUR,1,1,0,0,0,0,0,1,2011,2011,1,0.17
ODISHA,SUBARNAPUR,1,1,0,0,0,0,0,1,2003,2003,0,0.17
ODISHA,SUNDARGARH,1,0,1,0,0,0,0,1,1981,1981,0,0.17
PUDUCHERRY,KARAIKAL,1,1,0,0,0,0,0,1,2008,2008,0,0.17
PUDUCHERRY,MAHE,11,4,5,0,0,2,0,3,1983,2015,2,1.86
PUDUCHERRY,PUDUCHERY,11,4,5,0,0,2,0,3,1983,2015,2,1.86
PUDUCHERRY,YANAM,5,2,2,0,0,1,0,3,1983,2008,0,0.85
PUNJAB,AMRITSAR,38,20,4,1,11,1,1,6,1962,2018,7,6.44
PUNJAB,BARNALA,38,20,4,1,11,1,1,6,1962,2018,7,6.44
PUNJAB,BATHINDA,1,1,0,0,0,0,0,1,2004,2004,0,0.17
PUNJAB,FARIDKOT,38,20,4,1,11,1,1,6,1962,2018,7,6.44
PUNJAB,FATEHGARH SAHIB,38,20,4,1,11,1,1,6,1962,2018,7,6.44
PUNJAB,FAZILKA,38,20,4,1,11,1,1,6,1962,2018,7,6.44
PUNJAB,FIROZPUR,38,20,4,1,11,1,1,6,1962,2018,7,6.44
PUNJAB,GURDASPUR,38,20,4,1,11,1,1,6,1962,2018,7,6.44
PUNJAB,HOSHIARPUR,38,20,4,1,11,1,1,6,1962,2018,7,6.44
PUNJAB,JALANDHAR,38,20,4,1,11,1,1,6,1962,2018,7,6.44
PUNJAB,KAPURTHALA,38,20,4,1,11,1,1,6,1962,2018,7,6.44
PUNJAB,LUDHIANA,38,20,4,1,11,1,1,6,1962,2018,7,6.44
PUNJAB,MANSA,38,20,4,1,11,1,1,6,1962,2018,7,6.44
PUNJAB,MOGA,38,20,4,1,11,1,1,6,1962,2018,7,6.44
PUNJAB,MUKTSAR,38,20,4,1,11,1,1,6,1962,2018,7,6.44
PUNJAB,PATHANKOT,38,20,4,1,11,1,1,6,1962,2018,7,6.44
PUNJAB,PATIALA,38,20,4,1,11,1,1,6,1962,2018,7,6.44
PUNJAB,RUPNAGAR,38,20,4,1,11,1,1,6,1962,2018,7,6.44
PUNJAB,SANGRUR,38,20,4,1,11,1,1,6,1962,2018,7,6.44
PUNJAB,SAS NAGAR,38,20,4,1,11,1,1,6,1962,2018,7,6.44
PUNJAB,SBS NAGAR,38,20,4,1,11,1,1,6,1962,2018,7,6.44
PUNJAB,TARN TARAN,38,20,4,1,11,1,1,6,1962,2018,7,6.44
RAJASTHAN,AJMER,1,0,0,1,0,0,0,1,2009,2009,1,0.17
RAJASTHAN,ALWAR,1,0,0,1,0,0,0,1,2009,2009,1,0.17
RAJASTHAN,BANSWARA,1,0,0,1,0,0,0,1,2009,2009,1,0.17
RAJASTHAN,BARAN,91,30,9,32,19,1,0,5,1964,2018,47,15.42
RAJASTHAN,BARMER,4,2,1,1,0,0,0,3,1998,2017,2,0.68
RAJASTHAN,BHARATPUR,91,30,9,32,19,1,0,5,1964,2018,47,15.42
RAJASTHAN,BHILWARA,1,0,0,1,0,0,0,1,2009,2009,1,0.17
RAJASTHAN,BIKANER,1,0,0,1,0,0,0,1,2009,2009,1,0.17
RAJASTHAN,BUNDI,1,0,0,1,0,0,0,1,2009,2009,1,0.17
RAJASTHAN,CHITTAURGARH,1,0,0,1,0,0,0,1,2009,2009,1,0.17
RAJASTHAN,CHURU,1,0,0,1,0,0,0,1,2009,2009,1,0.17
RAJASTHAN,DAUSA,1,0,0,1,0,0,0,1,2009,2009,1,0.17
RAJASTHAN,DHOLPUR,91,30,9,32,19,1,0,5,1964,2018,47,15.42
RAJASTHAN,DUNGARPUR,1,0,0,1,0,0,0,1,2009,2009,1,0.17
RAJASTHAN,GANGANAGAR,1,0,0,1,0,0,0,1,2009,2009,1,0.17
RAJASTHAN,HANUMANGARH,1,0,0,1,0,0,0,1,2009,2009,1,0.17
RAJASTHAN,JAIPUR,3,0,1,1,0,1,0,3,1988,2014,2,0.51
RAJASTHAN,JAISELMER,91,30,9,32,19,1,0,5,1964,2018,47,15.42
RAJASTHAN,JALOR,3,1,1,1,0,0,0,3,1998,2017,2,0.51
RAJASTHAN,JHALAWAR,91,30,9,32,19,1,0,5,1964,2018,47,15.42
RAJASTHAN,JHUNJHUNUN,91,30,9,32,19,1,0,5,1964,2018,47,15.42
RAJASTHAN,JODHPUR,1,0,0,1,0,0,0,1,2009,2009,1,0.17
RAJASTHAN,KARAULI,91,30,9,32,19,1,0,5,1964,2018,47,15.42
RAJASTHAN,KOTA,1,1,0,0,0,0,0,1,2006,2006,0,0.17
RAJASTHAN,NAGAUR,1,0,0,1,0,0,0,1,2009,2009,1,0.17
RAJASTHAN,PALI,2,1,0,1,0,0,0,2,2009,2017,2,0.34
RAJASTHAN,PRATAAPGARH,91,30,9,32,19,1,0,5,1964,2018,47,15.42
RAJASTHAN,RAJSMAND,91,30,9,32,19,1,0,5,1964,2018,47,15.42
RAJASTHAN,SIKAR,1,0,0,1,0,0,0,1,2009,2009,1,0.17
RAJASTHAN,SIROHI,2,1,0,1,0,0,0,2,2009,2017,2,0.34
RAJASTHAN,SWAIMADHOPUR,91,30,9,32,19,1,0,5,1964,2018,47,15.42
RAJASTHAN,TONK,1,0,0,1,0,0,0,1,2009,2009,1,0.17
RAJASTHAN,UDAIPUR,4,3,0,1,0,0,0,2,2006,2017,2,0.68
SIKKIM,PAKYONG,13,6,0,0,0,3,4,3,1980,2015,3,2.2
SIKKIM,SORENG,13,6,0,0,0,3,4,3,1980,2015,3,2.2
TAMIL NADU,ARIYALUR,122,61,41,3,3,14,0,5,1960,2018,37,20.68
TAMIL NADU,CHENGALPATTU,122,61,41,3,3,14,0,5,1960,2018,37,20.68
TAMIL NADU,CHENNAI,14,6,7,0,0,1,0,3,1960,2018,5,2.37
TAMIL NADU,COIMBATORE,122,61,41,3,3,14,0,5,1960,2018,37,20.68
TAMIL NADU,CUDDALORE,7,4,2,0,0,1,0,3,2000,2015,3,1.19
TAMIL NADU,DHARAMPURI,122,61,41,3,3,14,0,5,1960,2018,37,20.68
TAMIL NADU,DINDIGUL,1,0,1,0,0,0,0,1,2018,2018,1,0.17
TAMIL NADU,ERODE,1,1,0,0,0,0,0,1,2005,2005,0,0.17
TAMIL NADU,KALLAKURICHI,122,61,41,3,3,14,0,5,1960,2018,37,20.68
TAMIL NADU,KANCHIPURAM,122,61,41,3,3,14,0,5,1960,2018,37,20.68
TAMIL NADU,KANYAKUMARI,122,61,41,3,3,14,0,5,1960,2018,37,20.68
TAMIL NADU,KARUR,1,1,0,0,0,0,0,1,2005,2005,0,0.17
TAMIL NADU,KRISHNAGIRI,1,1,0,0,0,0,0,1,2005,2005,0,0.17
TAMIL NADU,MADURAI,2,1,1,0,0,0,0,2,2005,2018,1,0.34
TAMIL NADU,NAGAPATTINAM,122,61,41,3,3,14,0,5,1960,2018,37,20.68
TAMIL NADU,NAMAKKAL,1,1,0,0,0,0,0,1,2005,2005,0,0.17
TAMIL NADU,NILGIRI,122,61,41,3,3,14,0,5,1960,2018,37,20.68
TAMIL NADU,PERAMBALUR,1,1,0,0,0,0,0,1,2005,2005,0,0.17
TAMIL NADU,PUDUKKOTTAI,4,2,1,0,0,1,0,3,2004,2018,2,0.68
TAMIL NADU,RAMANATHAPURAM,6,2,3,0,0,1,0,3,1964,2018,2,1.02
TAMIL NADU,RANIPET,122,61,41,3,3,14,0,5,1960,2018,37,20.68
TAMIL NADU,SALEM,1,1,0,0,0,0,0,1,2005,2005,0,0.17
TAMIL NADU,SIVAGANGA,1,0,0,0,0,1,0,1,2004,2004,0,0.17
TAMIL NADU,TENI,122,61,41,3,3,14,0,5,1960,2018,37,20.68
TAMIL NADU,TENKASI,122,61,41,3,3,14,0,5,1960,2018,37,20.68
TAMIL NADU,THANJAVUR,5,1,3,0,0,1,0,3,1968,2018,2,0.85
TAMIL NADU,THIRUVARUR,4,2,1,0,0,1,0,3,2000,2010,1,0.68
TAMIL NADU,TIRUCHIRAPPALLI,1,1,0,0,0,0,0,1,2005,2005,0,0.17
TAMIL NADU,TIRUNELVELI,5,2,2,0,0,1,0,3,2000,2017,2,0.85
TAMIL NADU,TIRUPATTUR,122,61,41,3,3,14,0,5,1960,2018,37,20.68
TAMIL NADU,TIRUPPUR,122,61,41,3,3,14,0,5,1960,2018,37,20.68
TAMIL NADU,TIRUVALLUR,122,61,41,3,3,14,0,5,1960,2018,37,20.68
TAMIL NADU,TIRUVANNAMALAI,122,61,41,3,3,14,0,5,1960,2018,37,20.68
TAMIL NADU,TUTICORIN,122,61,41,3,3,14,0,5,1960,2018,37,20.68
TAMIL NADU,VELLORE,1,1,0,0,0,0,0,1,2005,2005,0,0.17
TAMIL NADU,VILLUPURAM,122,61,41,3,3,14,0,5,1960,2018,37,20.68
TAMIL NADU,VIRUDHUNAGAR,122,61,41,3,3,14,0,5,1960,2018,37,20.68
TAMILNADU,MAYILADUTHURAI,0,0,0,0,0,0,0,0,1960,2018,0,0.0
TELANGANA,ADILABAD,1,0,0,0,1,0,0,1,2013,2013,1,0.17
TELANGANA,B. KOTHAGUDEM,38,24,5,1,8,0,0,4,1981,2017,15,6.44
TELANGANA,HANUMAKONDA,38,24,5,1,8,0,0,4,1981,2017,15,6.44
TELANGANA,HYDERABAD,4,3,1,0,0,0,0,2,1998,2014,1,0.68
TELANGANA,J. BHUPALPALLY,38,24,5,1,8,0,0,4,1981,2017,15,6.44
TELANGANA,JAGTIAL,38,24,5,1,8,0,0,4,1981,2017,15,6.44
TELANGANA,JANGAON,38,24,5,1,8,0,0,4,1981,2017,15,6.44
TELANGANA,JOGULAMBA GADWAL,38,24,5,1,8,0,0,4,1981,2017,15,6.44
TELANGANA,KAMAREDDY,38,24,5,1,8,0,0,4,1981,2017,15,6.44
TELANGANA,KARIMNAGAR,6,3,1,0,2,0,0,3,2000,2013,3,1.02
TELANGANA,KHAMMAM,5,4,0,0,1,0,0,2,2000,2013,2,0.85
TELANGANA,KUMARAM BHEEM,38,24,5,1,8,0,0,4,1981,2017,15,6.44
TELANGANA,M. MALKAJGIRI,38,24,5,1,8,0,0,4,1981,2017,15,6.44
TELANGANA,MAHABUBABAD,38,24,5,1,8,0,0,4,1981,2017,15,6.44
TELANGANA,MAHABUBNAGAR,38,24,5,1,8,0,0,4,1981,2017,15,6.44
TELANGANA,MANCHERIAL,38,24,5,1,8,0,0,4,1981,2017,15,6.44
TELANGANA,MEDAK,1,1,0,0,0,0,0,1,2000,2000,0,0.17
TELANGANA,MULUGU,38,24,5,1,8,0,0,4,1981,2017,15,6.44
TELANGANA,NAGARKURNOOL,38,24,5,1,8,0,0,4,1981,2017,15,6.44
TELANGANA,NALGONDA,5,3,1,0,1,0,0,3,2000,2013,2,0.85
TELANGANA,NARAYANPET,38,24,5,1,8,0,0,4,1981,2017,15,6.44
TELANGANA,NIRMAL,38,24,5,1,8,0,0,4,1981,2017,15,6.44
TELANGANA,NIZAMABAD,2,1,0,0,1,0,0,2,2000,2013,1,0.34
TELANGANA,PEDDAPALLE,38,24,5,1,8,0,0,4,1981,2017,15,6.44
TELANGANA,RAJANNA SIRCILLA,38,24,5,1,8,0,0,4,1981,2017,15,6.44
TELANGANA,RANGAREDDY,38,24,5,1,8,0,0,4,1981,2017,15,6.44
TELANGANA,SANGAREDDY,38,24,5,1,8,0,0,4,1981,2017,15,6.44
TELANGANA,SIDDIPET,38,24,5,1,8,0,0,4,1981,2017,15,6.44
TELANGANA,SURYAPET,38,24,5,1,8,0,0,4,1981,2017,15,6.44
TELANGANA,VIKARABAD,38,24,5,1,8,0,0,4,1981,2017,15,6.44
TELANGANA,WANAPARTHY,38,24,5,1,8,0,0,4,1981,2017,15,6.44
TELANGANA,WARANGAL,4,3,0,0,1,0,0,2,2000,2013,1,0.68
TELANGANA,Y. BHUVANAGIRI,38,24,5,1,8,0,0,4,1981,2017,15,6.44
TRIPURA,DHALAI,15,11,4,0,0,0,0,2,1991,2018,4,2.54
TRIPURA,GOMATI,15,11,4,0,0,0,0,2,1991,2018,4,2.54
TRIPURA,KHOWAI,15,11,4,0,0,0,0,2,1991,2018,4,2.54
TRIPURA,NORTH TRIPURA,15,11,4,0,0,0,0,2,1991,2018,4,2.54
TRIPURA,SIPAHIJALA,15,11,4,0,0,0,0,2,1991,2018,4,2.54
TRIPURA,SOUTH TRIPURA,15,11,4,0,0,0,0,2,1991,2018,4,2.54
TRIPURA,UNAKOTI,15,11,4,0,0,0,0,2,1991,2018,4,2.54
TRIPURA,WEST TRIPURA,2,2,0,0,0,0,0,1,2004,2007,0,0.34
UTTAR PRADESH,AGRA,2,0,1,1,0,0,0,2,2009,2017,2,0.34
UTTAR PRADESH,ALIGARH,1,0,0,1,0,0,0,1,2009,2009,1,0.17
UTTAR PRADESH,AMBEDKARNAGAR,250,122,28,58,32,2,8,6,1961,2018,153,42.37
UTTAR PRADESH,AMETHI,250,122,28,58,32,2,8,6,1961,2018,153,42.37
UTTAR PRADESH,AMROHA,1,0,0,1,0,0,0,1,2009,2009,1,0.17
UTTAR PRADESH,AURAIYA,1,0,0,1,0,0,0,1,2009,2009,1,0.17
UTTAR PRADESH,AYODHYA,250,122,28,58,32,2,8,6,1961,2018,153,42.37
UTTAR PRADESH,AZAMGARH,4,3,0,1,0,0,0,2,2005,2017,3,0.68
UTTAR PRADESH,BADAUN,250,122,28,58,32,2,8,6,1961,2018,153,42.37
UTTAR PRADESH,BAGHPAT,250,122,28,58,32,2,8,6,1961,2018,153,42.37
UTTAR PRADESH,BAHRAICH,4,4,0,0,0,0,0,1,2005,2017,2,0.68
UTTAR PRADESH,BALARAMPUR,250,122,28,58,32,2,8,6,1961,2018,153,42.37
UTTAR PRADESH,BALLIA,5,4,0,1,0,0,0,2,2005,2017,3,0.85
UTTAR PRADESH,BANDA,4,3,0,1,0,0,0,2,1992,2016,2,0.68
UTTAR PRADESH,BARABANKI,6,5,0,0,1,0,0,2,2006,2017,5,1.02
UTTAR PRADESH,BAREILLY,2,0,1,1,0,0,0,2,2009,2010,2,0.34
UTTAR PRADESH,BASTI,3,2,0,1,0,0,0,2,2009,2017,3,0.51
UTTAR PRADESH,BHADOHI,250,122,28,58,32,2,8,6,1961,2018,153,42.37
UTTAR PRADESH,BIJNOR,3,1,0,1,0,0,1,3,2000,2017,2,0.51
UTTAR PRADESH,BULANDSAHAR,250,122,28,58,32,2,8,6,1961,2018,153,42.37
UTTAR PRADESH,CHANDAULI,2,1,0,1,0,0,0,2,2006,2009,1,0.34
UTTAR PRADESH,CHITRAKOOT,1,0,0,1,0,0,0,1,2009,2009,1,0.17
UTTAR PRADESH,DEORIA,2,1,0,1,0,0,0,2,2009,2017,2,0.34
UTTAR PRADESH,ETAH,1,0,0,1,0,0,0,1,2009,2009,1,0.17
UTTAR PRADESH,ETAWAH,1,0,0,1,0,0,0,1,2009,2009,1,0.17
UTTAR PRADESH,FARRUKHABAD,2,1,0,1,0,0,0,2,2009,2017,2,0.34
UTTAR PRADESH,FATEHPUR,1,0,0,1,0,0,0,1,2009,2009,1,0.17
UTTAR PRADESH,FIROZABAD,1,0,0,1,0,0,0,1,2009,2009,1,0.17
UTTAR PRADESH,GAUTAMBUDHNAGAR,250,122,28,58,32,2,8,6,1961,2018,153,42.37
UTTAR PRADESH,GAZIPUR,250,122,28,58,32,2,8,6,1961,2018,153,42.37
UTTAR PRADESH,GHAZIABAD,3,1,1,1,0,0,0,3,2009,2016,3,0.51
UTTAR PRADESH,GONDA,5,5,0,0,0,0,0,1,2006,2017,4,0.85
UTTAR PRADESH,GORAKHPUR,2,2,0,0,0,0,0,1,2013,2017,2,0.34
UTTAR PRADESH,HAMIRPUR,250,122,28,58,32,2,8,6,1961,2018,153,42.37
UTTAR PRADESH,HAPUR,250,122,28,58,32,2,8,6,1961,2018,153,42.37
UTTAR PRADESH,HARDOI,1,0,0,1,0,0,0,1,2009,2009,1,0.17
UTTAR PRADESH,HATHRAS,1,0,0,1,0,0,0,1,2009,2009,1,0.17
UTTAR PRADESH,JALAUN,2,1,0,1,0,0,0,2,2009,2016,2,0.34
UTTAR PRADESH,JAUNPUR,2,0,0,1,1,0,0,2,2009,2011,2,0.34
UTTAR PRADESH,JHANSI,2,1,0,1,0,0,0,2,1997,2009,1,0.34
UTTAR PRADESH,KANNAUJ,1,0,0,1,0,0,0,1,2009,2009,1,0.17
UTTAR PRADESH,KANPUR,250,122,28,58,32,2,8,6,1961,2018,153,42.37
UTTAR PRADESH,KANPUR DEHAT,1,0,0,1,0,0,0,1,2009,2009,1,0.17
UTTAR PRADESH,KASGANJ,250,122,28,58,32,2,8,6,1961,2018,153,42.37
UTTAR PRADESH,KAUSHAMBI,2,1,0,1,0,0,0,2,2005,2009,1,0.34
UTTAR PRADESH,KHERI,250,122,28,58,32,2,8,6,1961,2018,153,42.37
UTTAR PRADESH,KUSHINAGAR,3,2,0,1,0,0,0,2,2009,2017,3,0.51
UTTAR PRADESH,LALITPUR,250,122,28,58,32,2,8,6,1961,2018,153,42.37
UTTAR PRADESH,LUCKNOW,1,0,0,1,0,0,0,1,2009,2009,1,0.17
UTTAR PRADESH,MAHARAJGANJ,1,1,0,0,0,0,0,1,2017,2017,1,0.17
UTTAR PRADESH,MAHOBA,1,0,0,1,0,0,0,1,2009,2009,1,0.17
UTTAR PRADESH,MAINPURI,2,1,0,1,0,0,0,2,2005,2009,1,0.34
UTTAR PRADESH,MATHURA,2,1,0,1,0,0,0,2,2005,2009,1,0.34
UTTAR PRADESH,MAU,2,1,0,1,0,0,0,2,2009,2017,2,0.34
UTTAR PRADESH,MEERUT,1,0,0,1,0,0,0,1,2009,2009,1,0.17
UTTAR PRADESH,MIRZAPUR,2,1,0,1,0,0,0,2,2009,2017,2,0.34
UTTAR PRADESH,MORADABAD,2,0,0,1,0,0,1,2,2000,2009,1,0.34
UTTAR PRADESH,MUZAFARNAGAR,250,122,28,58,32,2,8,6,1961,2018,153,42.37
UTTAR PRADESH,PILHIBHIT,250,122,28,58,32,2,8,6,1961,2018,153,42.37
UTTAR PRADESH,PRATAPGARH,2,1,0,0,1,0,0,2,2009,2011,2,0.34
UTTAR PRADESH,PRAYAGRAJ,250,122,28,58,32,2,8,6,1961,2018,153,42.37
UTTAR PRADESH,RAIBEARELI,250,122,28,58,32,2,8,6,1961,2018,153,42.37
UTTAR PRADESH,RAMPUR,1,0,0,1,0,0,0,1,2009,2009,1,0.17
UTTAR PRADESH,SAMBHAL,250,122,28,58,32,2,8,6,1961,2018,153,42.37
UTTAR PRADESH,SANTKABIRNAGAR,250,122,28,58,32,2,8,6,1961,2018,153,42.37
UTTAR PRADESH,SHAHJAHANPUR,1,0,0,1,0,0,0,1,2009,2009,1,0.17
UTTAR PRADESH,SHAMLI,250,122,28,58,32,2,8,6,1961,2018,153,42.37
UTTAR PRADESH,SHARANPUR,250,122,28,58,32,2,8,6,1961,2018,153,42.37
UTTAR PRADESH,SHRAWASTI,250,122,28,58,32,2,8,6,1961,2018,153,42.37
UTTAR PRADESH,SIDDHARTHNAGAR,250,122,28,58,32,2,8,6,1961,2018,153,42.37
UTTAR PRADESH,SITAPUR,4,3,0,1,0,0,0,2,2009,2017,4,0.68
UTTAR PRADESH,SONBHADRA,250,122,28,58,32,2,8,6,1961,2018,153,42.37
UTTAR PRADESH,SULTANPUR,2,1,0,1,0,0,0,2,2009,2013,2,0.34
UTTAR PRADESH,UNNAO,2,0,1,1,0,0,0,2,2009,2010,2,0.34
UTTAR PRADESH,VARANASI,2,1,0,1,0,0,0,2,2009,2016,2,0.34
UTTARAKHAND,ALMORA,1,1,0,0,0,0,0,1,2010,2010,1,0.17
UTTARAKHAND,BAGESHWAR,2,1,0,0,0,1,0,2,1999,2012,1,0.34
UTTARAKHAND,CHAMOLI,2,1,0,0,0,1,0,2,1999,2016,1,0.34
UTTARAKHAND,CHAMPAWAT,36,20,1,0,3,5,7,5,1977,2016,17,6.1
UTTARAKHAND,DEHRADUN,1,1,0,0,0,0,0,1,2005,2005,0,0.17
UTTARAKHAND,HARIDWAR,36,20,1,0,3,5,7,5,1977,2016,17,6.1
UTTARAKHAND,NANITAL,36,20,1,0,3,5,7,5,1977,2016,17,6.1
UTTARAKHAND,PAURI GARHWAL,36,20,1,0,3,5,7,5,1977,2016,17,6.1
UTTARAKHAND,PITHORAGARH,4,1,0,0,0,0,3,2,1998,2016,2,0.68
UTTARAKHAND,RUDRAPRAYAG,3,1,0,0,0,1,1,3,1999,2012,1,0.51
UTTARAKHAND,TEHRI GARWAL,36,20,1,0,3,5,7,5,1977,2016,17,6.1
UTTARAKHAND,UDHAM SINGH NAGAR,36,20,1,0,3,5,7,5,1977,2016,17,6.1
UTTARAKHAND,UTTARKASHI,2,1,0,0,0,1,0,2,1991,2005,0,0.34
WEST BENGAL,ALIPURDUAR,102,48,46,0,4,2,2,5,1968,2018,26,17.29
WEST BENGAL,BANKURA,1,0,1,0,0,0,0,1,2003,2003,0,0.17
WEST BENGAL,BIRBHUM,2,2,0,0,0,0,0,1,2000,2005,0,0.34
WEST BENGAL,DAKSHIN DINAJPUR,102,48,46,0,4,2,2,5,1968,2018,26,17.29
WEST BENGAL,DARJEELING,102,48,46,0,4,2,2,5,1968,2018,26,17.29
WEST BENGAL,EASTMEDNIPUR,102,48,46,0,4,2,2,5,1968,2018,26,17.29
WEST BENGAL,HAORA,3,1,2,0,0,0,0,2,2003,2009,1,0.51
WEST BENGAL,HUGLI,2,0,2,0,0,0,0,1,2003,2009,1,0.34
WEST BENGAL,JALPAIGURI,2,1,1,0,0,0,0,2,2002,2015,1,0.34
WEST BENGAL,JHARGRAM,102,48,46,0,4,2,2,5,1968,2018,26,17.29
WEST BENGAL,KALIMPONG,102,48,46,0,4,2,2,5,1968,2018,26,17.29
WEST BENGAL,KOLKATA,8,2,6,0,0,0,0,2,1986,2018,3,1.36
WEST BENGAL,MALDA,102,48,46,0,4,2,2,5,1968,2018,26,17.29
WEST BENGAL,MURSIDABAD,102,48,46,0,4,2,2,5,1968,2018,26,17.29
WEST BENGAL,NADIA,1,1,0,0,0,0,0,1,2005,2005,0,0.17
WEST BENGAL,NORTH 24 PRAGANA,102,48,46,0,4,2,2,5,1968,2018,26,17.29
WEST BENGAL,PASHCHIM MEDINIPUR,8,2,6,0,0,0,0,2,1974,2007,0,1.36
WEST BENGAL,PURULIYA,102,48,46,0,4,2,2,5,1968,2018,26,17.29
WEST BENGAL,SOUTH 24 PARGANAS,4,2,2,0,0,0,0,2,2003,2009,1,0.68
WEST BENGAL,UTTAR_DINAJPUR,102,48,46,0,4,2,2,5,1968,2018,26,17.29
